/* Auto-generated 16x16 CJK bitmap font for EFMOS UI */
/* Each entry: UTF-8 (4 bytes padded) + 32 bytes bitmap = 36 bytes */

#define CJK_FONT_COUNT 808

static const unsigned char cjk_font[][36] = {
    {0xE2,0x80,0x94,0x00,0x00,0x00,0x00,0x00,0x00,0x00,0x00,0x00,0x00,0x00,0x0F,0xF0,0x00,0x00,0x00,0x00,0x00,0x00,0x00,0x00,0x00,0x00,0x00,0x00,0x00,0x00,0x00,0x00,0x00,0x00,0x00,0x00},  /* — U+2014 */
    {0xE2,0x86,0x92,0x00,0x00,0x00,0x00,0x00,0x00,0x00,0x00,0x00,0x00,0x80,0x00,0x40,0x0F,0xE0,0x00,0x40,0x00,0x80,0x00,0x00,0x00,0x00,0x00,0x00,0x00,0x00,0x00,0x00,0x00,0x00,0x00,0x00},  /* → U+2192 */
    {0xE2,0x89,0x88,0x00,0x00,0x00,0x00,0x00,0x00,0x00,0x00,0x00,0x03,0x20,0x04,0xC0,0x00,0x00,0x03,0x20,0x04,0xC0,0x00,0x00,0x00,0x00,0x00,0x00,0x00,0x00,0x00,0x00,0x00,0x00,0x00,0x00},  /* ≈ U+2248 */
    {0xE2,0x89,0xA5,0x00,0x00,0x00,0x00,0x00,0x00,0x00,0x00,0x00,0x06,0x00,0x01,0x80,0x00,0x60,0x01,0x80,0x06,0x00,0x00,0x00,0x07,0xE0,0x00,0x00,0x00,0x00,0x00,0x00,0x00,0x00,0x00,0x00},  /* ≥ U+2265 */
    {0xE2,0x91,0xA0,0x00,0x07,0xC0,0x18,0x30,0x20,0x08,0x41,0x04,0x43,0x04,0x85,0x02,0x81,0x02,0x81,0x02,0x81,0x02,0x81,0x02,0x41,0x04,0x47,0xC4,0x20,0x08,0x18,0x30,0x07,0xC0,0x00,0x00},  /* ① U+2460 */
    {0xE2,0x91,0xA1,0x00,0x07,0xC0,0x18,0x30,0x20,0x08,0x43,0x84,0x44,0x44,0x84,0x42,0x80,0x42,0x80,0x82,0x81,0x02,0x82,0x02,0x44,0x04,0x47,0xC4,0x20,0x08,0x18,0x30,0x07,0xC0,0x00,0x00},  /* ② U+2461 */
    {0xE2,0x91,0xA2,0x00,0x07,0xC0,0x18,0x30,0x20,0x08,0x43,0x84,0x44,0x44,0x84,0x42,0x80,0x42,0x81,0x82,0x80,0x42,0x84,0x42,0x44,0x44,0x43,0x84,0x20,0x08,0x18,0x30,0x07,0xC0,0x00,0x00},  /* ③ U+2462 */
    {0xE2,0x91,0xA3,0x00,0x07,0xC0,0x18,0x30,0x20,0x08,0x40,0x84,0x41,0x84,0x82,0x82,0x84,0x82,0x88,0x82,0x8F,0xC2,0x80,0x82,0x40,0x84,0x40,0x84,0x20,0x08,0x18,0x30,0x07,0xC0,0x00,0x00},  /* ④ U+2463 */
    {0xE2,0x91,0xA4,0x00,0x07,0xC0,0x18,0x30,0x20,0x08,0x47,0xC4,0x44,0x04,0x84,0x02,0x84,0x02,0x87,0x82,0x80,0x42,0x80,0x42,0x44,0x44,0x43,0x84,0x20,0x08,0x18,0x30,0x07,0xC0,0x00,0x00},  /* ⑤ U+2464 */
    {0xE2,0x91,0xA5,0x00,0x07,0xC0,0x18,0x30,0x20,0x08,0x41,0x84,0x42,0x04,0x84,0x02,0x84,0x02,0x87,0x82,0x84,0x42,0x84,0x42,0x44,0x44,0x43,0x84,0x20,0x08,0x18,0x30,0x07,0xC0,0x00,0x00},  /* ⑥ U+2465 */
    {0xE2,0x94,0x80,0x00,0x00,0x00,0x00,0x00,0x00,0x00,0x00,0x00,0x0F,0xF0,0x00,0x00,0x00,0x00,0x00,0x00,0x00,0x00,0x00,0x00,0x00,0x00,0x00,0x00,0x00,0x00,0x00,0x00,0x00,0x00,0x00,0x00},  /* ─ U+2500 */
    {0xE2,0x94,0x82,0x00,0x00,0x80,0x00,0x80,0x00,0x80,0x00,0x80,0x00,0x80,0x00,0x80,0x00,0x80,0x00,0x80,0x00,0x80,0x00,0x80,0x00,0x80,0x00,0x80,0x00,0x80,0x00,0x80,0x00,0x80,0x00,0x80},  /* │ U+2502 */
    {0xE2,0x94,0x8C,0x00,0x00,0x00,0x00,0x00,0x00,0x00,0x00,0xF0,0x00,0x80,0x00,0x80,0x00,0x80,0x00,0x80,0x00,0x80,0x00,0x80,0x00,0x80,0x00,0x80,0x00,0x00,0x00,0x00,0x00,0x00,0x00,0x00},  /* ┌ U+250C */
    {0xE2,0x94,0x94,0x00,0x00,0x00,0x00,0x80,0x00,0x80,0x00,0x80,0x00,0x80,0x00,0x80,0x00,0x80,0x00,0x80,0x00,0xF0,0x00,0x00,0x00,0x00,0x00,0x00,0x00,0x00,0x00,0x00,0x00,0x00,0x00,0x00},  /* └ U+2514 */
    {0xE2,0x94,0x9C,0x00,0x00,0x80,0x00,0x80,0x00,0x80,0x00,0x80,0x00,0x80,0x00,0x80,0x00,0x80,0x00,0xF0,0x00,0x80,0x00,0x80,0x00,0x80,0x00,0x80,0x00,0x80,0x00,0x80,0x00,0x80,0x00,0x80},  /* ├ U+251C */
    {0xE3,0x80,0x81,0x00,0x00,0x00,0x00,0x00,0x00,0x00,0x00,0x00,0x10,0x00,0x0C,0x00,0x06,0x00,0x02,0x00,0x00,0x00,0x00,0x00,0x00,0x00,0x00,0x00,0x00,0x00,0x00,0x00,0x00,0x00,0x00,0x00},  /* 、 U+3001 */
    {0xE3,0x80,0x82,0x00,0x00,0x00,0x00,0x00,0x00,0x00,0x00,0x00,0x00,0x00,0x0C,0x00,0x12,0x00,0x12,0x00,0x0C,0x00,0x00,0x00,0x00,0x00,0x00,0x00,0x00,0x00,0x00,0x00,0x00,0x00,0x00,0x00},  /* 。 U+3002 */
    {0xE3,0x80,0x90,0x00,0x00,0xF8,0x00,0xF0,0x00,0xE0,0x00,0xE0,0x00,0xE0,0x00,0xC0,0x00,0xC0,0x00,0xC0,0x00,0xC0,0x00,0xC0,0x00,0xC0,0x00,0xE0,0x00,0xE0,0x00,0xF0,0x00,0xF8,0x00,0x00},  /* 【 U+3010 */
    {0xE3,0x80,0x91,0x00,0x1F,0x00,0x0F,0x00,0x07,0x00,0x07,0x00,0x03,0x00,0x03,0x00,0x03,0x00,0x03,0x00,0x03,0x00,0x03,0x00,0x03,0x00,0x07,0x00,0x07,0x00,0x0F,0x00,0x1F,0x00,0x00,0x00},  /* 】 U+3011 */
    {0xE4,0xB8,0x80,0x00,0x00,0x00,0x00,0x00,0x00,0x00,0x00,0x00,0xFF,0xFE,0x00,0x00,0x00,0x00,0x00,0x00,0x00,0x00,0x00,0x00,0x00,0x00,0x00,0x00,0x00,0x00,0x00,0x00,0x00,0x00,0x00,0x00},  /* 一 U+4E00 */
    {0xE4,0xB8,0x87,0x00,0x00,0x00,0xFF,0xFE,0x04,0x00,0x04,0x00,0x04,0x00,0x07,0xF0,0x04,0x10,0x04,0x10,0x08,0x10,0x08,0x10,0x10,0x10,0x10,0x10,0x20,0x10,0x40,0xA0,0x80,0x40,0x00,0x00},  /* 万 U+4E07 */
    {0xE4,0xB8,0x89,0x00,0x00,0x00,0x00,0x00,0x7F,0xFC,0x00,0x00,0x00,0x00,0x00,0x00,0x00,0x00,0x3F,0xF8,0x00,0x00,0x00,0x00,0x00,0x00,0x00,0x00,0x00,0x00,0xFF,0xFE,0x00,0x00,0x00,0x00},  /* 三 U+4E09 */
    {0xE4,0xB8,0x8A,0x00,0x02,0x00,0x02,0x00,0x02,0x00,0x02,0x00,0x02,0x00,0x02,0x00,0x03,0xF8,0x02,0x00,0x02,0x00,0x02,0x00,0x02,0x00,0x02,0x00,0x02,0x00,0x02,0x00,0xFF,0xFE,0x00,0x00},  /* 上 U+4E0A */
    {0xE4,0xB8,0x8B,0x00,0xFF,0xFE,0x02,0x00,0x02,0x00,0x02,0x00,0x02,0x00,0x02,0x40,0x02,0x20,0x02,0x10,0x02,0x08,0x02,0x08,0x02,0x00,0x02,0x00,0x02,0x00,0x02,0x00,0x02,0x00,0x00,0x00},  /* 下 U+4E0B */
    {0xE4,0xB8,0x8D,0x00,0x7F,0xFC,0x00,0x80,0x00,0x80,0x01,0x00,0x01,0x00,0x03,0x40,0x05,0x20,0x09,0x10,0x11,0x08,0x21,0x04,0x41,0x04,0x81,0x00,0x01,0x00,0x01,0x00,0x01,0x00,0x00,0x00},  /* 不 U+4E0D */
    {0xE4,0xB8,0x8E,0x00,0x10,0x00,0x10,0x00,0x10,0x00,0x1F,0xFC,0x10,0x00,0x20,0x00,0x20,0x00,0x3F,0xF8,0x00,0x08,0x00,0x08,0x00,0x08,0xFF,0xC8,0x00,0x08,0x00,0x08,0x00,0x50,0x00,0x20},  /* 与 U+4E0E */
    {0xE4,0xB8,0x94,0x00,0x00,0x00,0x1F,0xF0,0x10,0x10,0x10,0x10,0x10,0x10,0x1F,0xF0,0x10,0x10,0x10,0x10,0x10,0x10,0x1F,0xF0,0x10,0x10,0x10,0x10,0x10,0x10,0x10,0x10,0xFF,0xFE,0x00,0x00},  /* 且 U+4E14 */
    {0xE4,0xB8,0xA2,0x00,0x00,0x10,0x00,0xF8,0x3F,0x00,0x01,0x00,0x01,0x00,0x3F,0xF8,0x01,0x00,0x01,0x00,0x01,0x00,0xFF,0xFE,0x02,0x00,0x04,0x00,0x08,0x20,0x10,0x10,0x3F,0xF8,0x10,0x08},  /* 丢 U+4E22 */
    {0xE4,0xB8,0xA4,0x00,0xFF,0xFE,0x04,0x40,0x04,0x40,0x04,0x40,0x7F,0xFC,0x44,0x44,0x44,0x44,0x44,0x44,0x4A,0xA4,0x4A,0x94,0x51,0x14,0x42,0x04,0x40,0x04,0x40,0x14,0x40,0x08,0x00,0x00},  /* 两 U+4E24 */
    {0xE4,0xB8,0xA5,0x00,0x7F,0xFC,0x02,0x40,0x12,0x48,0x0A,0x50,0x02,0x40,0x3F,0xFE,0x20,0x00,0x20,0x00,0x20,0x00,0x20,0x00,0x20,0x00,0x20,0x00,0x40,0x00,0x40,0x00,0x80,0x00,0x00,0x00},  /* 严 U+4E25 */
    {0xE4,0xB8,0xAA,0x00,0x01,0x00,0x01,0x00,0x02,0x80,0x04,0x40,0x08,0x20,0x10,0x10,0x21,0x08,0xC1,0x06,0x01,0x00,0x01,0x00,0x01,0x00,0x01,0x00,0x01,0x00,0x01,0x00,0x01,0x00,0x01,0x00},  /* 个 U+4E2A */
    {0xE4,0xB8,0xAD,0x00,0x01,0x00,0x01,0x00,0x01,0x00,0x01,0x00,0x3F,0xF8,0x21,0x08,0x21,0x08,0x21,0x08,0x21,0x08,0x21,0x08,0x3F,0xF8,0x21,0x08,0x01,0x00,0x01,0x00,0x01,0x00,0x01,0x00},  /* 中 U+4E2D */
    {0xE4,0xB8,0xB2,0x00,0x01,0x00,0x01,0x00,0x3F,0xF8,0x21,0x08,0x21,0x08,0x3F,0xF8,0x01,0x00,0x01,0x00,0x7F,0xFC,0x41,0x04,0x41,0x04,0x7F,0xFC,0x41,0x04,0x01,0x00,0x01,0x00,0x01,0x00},  /* 串 U+4E32 */
    {0xE4,0xB8,0xB4,0x00,0x08,0x80,0x08,0x80,0x08,0x80,0x49,0xFE,0x49,0x40,0x4A,0x20,0x4C,0x20,0x48,0x00,0x49,0xFC,0x49,0x24,0x49,0x24,0x49,0x24,0x49,0x24,0x09,0xFC,0x09,0x04,0x08,0x00},  /* 临 U+4E34 */
    {0xE4,0xB8,0xBA,0x00,0x01,0x00,0x21,0x00,0x11,0x00,0x11,0x00,0x01,0x00,0x7F,0xF8,0x02,0x08,0x02,0x08,0x02,0x88,0x04,0x48,0x04,0x48,0x08,0x08,0x10,0x08,0x20,0x08,0x40,0x50,0x80,0x20},  /* 为 U+4E3A */
    {0xE4,0xB8,0xBB,0x00,0x02,0x00,0x01,0x00,0x00,0x00,0x7F,0xFC,0x01,0x00,0x01,0x00,0x01,0x00,0x01,0x00,0x3F,0xF8,0x01,0x00,0x01,0x00,0x01,0x00,0x01,0x00,0x01,0x00,0xFF,0xFE,0x00,0x00},  /* 主 U+4E3B */
    {0xE4,0xB8,0xBE,0x00,0x22,0x08,0x11,0x08,0x11,0x10,0x00,0x20,0xFF,0xFE,0x08,0x20,0x11,0x10,0x21,0x08,0xCF,0xE6,0x01,0x00,0x01,0x00,0x7F,0xFC,0x01,0x00,0x01,0x00,0x01,0x00,0x01,0x00},  /* 举 U+4E3E */
    {0xE4,0xB9,0x85,0x00,0x04,0x00,0x04,0x00,0x04,0x00,0x07,0xE0,0x08,0x20,0x08,0x20,0x10,0x40,0x20,0x40,0x40,0x80,0x00,0x80,0x01,0x40,0x02,0x40,0x04,0x20,0x08,0x10,0x30,0x08,0xC0,0x06},  /* 久 U+4E45 */
    {0xE4,0xB9,0x88,0x00,0x01,0x00,0x01,0x00,0x02,0x00,0x02,0x00,0x04,0x40,0x08,0x40,0x10,0x80,0x20,0x80,0x41,0x00,0x02,0x00,0x04,0x20,0x08,0x10,0x10,0x08,0x3F,0xFC,0x10,0x04,0x00,0x00},  /* 么 U+4E48 */
    {0xE4,0xB9,0x89,0x00,0x02,0x00,0x01,0x10,0x21,0x10,0x20,0x10,0x10,0x20,0x10,0x20,0x08,0x20,0x08,0x40,0x04,0x40,0x02,0x80,0x01,0x00,0x02,0x80,0x04,0x40,0x08,0x20,0x30,0x18,0xC0,0x06},  /* 义 U+4E49 */
    {0xE4,0xB9,0x8B,0x00,0x02,0x00,0x01,0x00,0x01,0x00,0x00,0x00,0x7F,0xF8,0x00,0x10,0x00,0x20,0x00,0x40,0x00,0x80,0x01,0x00,0x02,0x00,0x04,0x00,0x18,0x00,0x24,0x00,0x43,0xFE,0x00,0x00},  /* 之 U+4E4B */
    {0xE4,0xB9,0x8E,0x00,0x00,0x10,0x00,0xF8,0x3F,0x00,0x01,0x00,0x11,0x10,0x09,0x10,0x09,0x20,0x01,0x00,0xFF,0xFE,0x01,0x00,0x01,0x00,0x01,0x00,0x01,0x00,0x01,0x00,0x05,0x00,0x02,0x00},  /* 乎 U+4E4E */
    {0xE4,0xB9,0x9F,0x00,0x01,0x00,0x01,0x00,0x11,0x00,0x11,0x30,0x11,0xD0,0x17,0x10,0x39,0x10,0xD1,0x10,0x11,0x10,0x11,0x50,0x11,0x20,0x11,0x02,0x10,0x02,0x10,0x02,0x0F,0xFE,0x00,0x00},  /* 也 U+4E5F */
    {0xE4,0xB9,0xB1,0x00,0x04,0x40,0x0E,0x40,0x38,0x40,0x08,0x40,0x08,0x40,0xFF,0x40,0x08,0x40,0x08,0x40,0x3E,0x40,0x22,0x40,0x22,0x40,0x22,0x42,0x22,0x42,0x3E,0x42,0x22,0x3E,0x00,0x00},  /* 乱 U+4E71 */
    {0xE4,0xBA,0x86,0x00,0x7F,0xF8,0x00,0x10,0x00,0x20,0x00,0x40,0x01,0x80,0x01,0x00,0x01,0x00,0x01,0x00,0x01,0x00,0x01,0x00,0x01,0x00,0x01,0x00,0x01,0x00,0x05,0x00,0x02,0x00,0x00,0x00},  /* 了 U+4E86 */
    {0xE4,0xBA,0x8B,0x00,0x01,0x00,0x01,0x00,0xFF,0xFE,0x01,0x00,0x3F,0xF8,0x21,0x08,0x3F,0xF8,0x01,0x00,0x3F,0xF8,0x01,0x08,0xFF,0xFE,0x01,0x08,0x3F,0xF8,0x01,0x00,0x05,0x00,0x02,0x00},  /* 事 U+4E8B */
    {0xE4,0xBA,0x8C,0x00,0x00,0x00,0x00,0x00,0x3F,0xF8,0x00,0x00,0x00,0x00,0x00,0x00,0x00,0x00,0x00,0x00,0x00,0x00,0x00,0x00,0x00,0x00,0xFF,0xFE,0x00,0x00,0x00,0x00,0x00,0x00,0x00,0x00},  /* 二 U+4E8C */
    {0xE4,0xBA,0x8E,0x00,0x3F,0xF8,0x01,0x00,0x01,0x00,0x01,0x00,0x01,0x00,0xFF,0xFE,0x01,0x00,0x01,0x00,0x01,0x00,0x01,0x00,0x01,0x00,0x01,0x00,0x01,0x00,0x05,0x00,0x02,0x00,0x00,0x00},  /* 于 U+4E8E */
    {0xE4,0xBA,0x92,0x00,0x00,0x00,0x7F,0xFC,0x04,0x00,0x04,0x00,0x04,0x00,0x0F,0xF0,0x08,0x10,0x08,0x10,0x10,0x10,0x10,0x20,0x1F,0xE0,0x00,0x20,0x00,0x40,0x00,0x40,0xFF,0xFE,0x00,0x00},  /* 互 U+4E92 */
    {0xE4,0xBA,0x9B,0x00,0x04,0x40,0x04,0x40,0x24,0x44,0x27,0x48,0x24,0x70,0x24,0x42,0x24,0x42,0x2F,0x42,0xF0,0x3E,0x40,0x00,0x00,0x00,0x1F,0xF0,0x00,0x00,0x00,0x00,0x7F,0xFC,0x00,0x00},  /* 些 U+4E9B */
    {0xE4,0xBA,0xA4,0x00,0x02,0x00,0x01,0x00,0x01,0x00,0xFF,0xFE,0x00,0x00,0x10,0x10,0x10,0x08,0x20,0x24,0x48,0x24,0x04,0x40,0x02,0x80,0x01,0x00,0x02,0x80,0x0C,0x40,0x30,0x30,0xC0,0x0E},  /* 交 U+4EA4 */
    {0xE4,0xBA,0xA7,0x00,0x02,0x00,0x01,0x00,0x7F,0xFC,0x00,0x00,0x08,0x20,0x04,0x20,0x04,0x40,0x3F,0xFE,0x20,0x00,0x20,0x00,0x20,0x00,0x20,0x00,0x20,0x00,0x40,0x00,0x40,0x00,0x80,0x00},  /* 产 U+4EA7 */
    {0xE4,0xBA,0xAB,0x00,0x02,0x00,0x01,0x00,0x7F,0xFC,0x00,0x00,0x1F,0xF0,0x10,0x10,0x1F,0xF0,0x00,0x00,0x1F,0xE0,0x00,0x40,0x01,0x80,0xFF,0xFE,0x01,0x00,0x01,0x00,0x05,0x00,0x02,0x00},  /* 享 U+4EAB */
    {0xE4,0xBA,0xAE,0x00,0x02,0x00,0x01,0x00,0x7F,0xFC,0x00,0x00,0x0F,0xE0,0x08,0x20,0x0F,0xE0,0x00,0x00,0x7F,0xFE,0x40,0x02,0x87,0xC4,0x04,0x40,0x04,0x40,0x08,0x42,0x30,0x42,0xC0,0x3E},  /* 亮 U+4EAE */
    {0xE4,0xBA,0xBA,0x00,0x01,0x00,0x01,0x00,0x01,0x00,0x01,0x00,0x01,0x00,0x01,0x00,0x02,0x80,0x02,0x80,0x04,0x40,0x04,0x40,0x08,0x20,0x08,0x20,0x10,0x10,0x20,0x08,0x40,0x04,0x80,0x02},  /* 人 U+4EBA */
    {0xE4,0xBB,0x80,0x00,0x08,0x20,0x08,0x20,0x08,0x20,0x10,0x20,0x10,0x20,0x30,0x20,0x37,0xFE,0x50,0x20,0x90,0x20,0x10,0x20,0x10,0x20,0x10,0x20,0x10,0x20,0x10,0x20,0x10,0x20,0x10,0x20},  /* 什 U+4EC0 */
    {0xE4,0xBB,0x85,0x00,0x08,0x00,0x0B,0xFC,0x09,0x04,0x11,0x04,0x11,0x04,0x30,0x88,0x30,0x88,0x50,0x88,0x90,0x50,0x10,0x50,0x10,0x20,0x10,0x20,0x10,0x50,0x10,0x88,0x11,0x04,0x16,0x02},  /* 仅 U+4EC5 */
    {0xE4,0xBB,0x8B,0x00,0x01,0x00,0x01,0x00,0x02,0x80,0x04,0x40,0x08,0x20,0x10,0x10,0x20,0x08,0xC8,0x26,0x08,0x20,0x08,0x20,0x08,0x20,0x08,0x20,0x10,0x20,0x10,0x20,0x20,0x20,0x40,0x20},  /* 介 U+4ECB */
    {0xE4,0xBB,0x8D,0x00,0x08,0x00,0x08,0x00,0x0B,0xF8,0x10,0x88,0x10,0x90,0x30,0x90,0x30,0xA0,0x50,0xBC,0x90,0x84,0x10,0x84,0x11,0x04,0x11,0x04,0x11,0x04,0x12,0x04,0x12,0x28,0x14,0x10},  /* 仍 U+4ECD */
    {0xE4,0xBB,0x8E,0x00,0x08,0x20,0x08,0x20,0x08,0x20,0x08,0x20,0x08,0x20,0x08,0x20,0x08,0x20,0x08,0x20,0x08,0x50,0x14,0x50,0x12,0x50,0x12,0x88,0x20,0x88,0x21,0x04,0x42,0x04,0x84,0x02},  /* 从 U+4ECE */
    {0xE4,0xBB,0x96,0x00,0x08,0x40,0x08,0x40,0x0A,0x40,0x12,0x58,0x12,0x68,0x32,0xC8,0x33,0x48,0x5E,0x48,0x92,0x48,0x12,0x48,0x12,0x58,0x12,0x42,0x12,0x02,0x12,0x02,0x11,0xFE,0x10,0x00},  /* 他 U+4ED6 */
    {0xE4,0xBB,0xA3,0x00,0x08,0x90,0x08,0x88,0x08,0x88,0x10,0x80,0x10,0xBE,0x37,0xC0,0x30,0x80,0x50,0x40,0x90,0x40,0x10,0x40,0x10,0x20,0x10,0x22,0x10,0x12,0x10,0x0A,0x10,0x06,0x10,0x02},  /* 代 U+4EE3 */
    {0xE4,0xBB,0xA4,0x00,0x01,0x00,0x01,0x00,0x02,0x80,0x04,0x40,0x0A,0x20,0x11,0x10,0x21,0x08,0xC0,0x06,0x1F,0xF0,0x00,0x10,0x00,0x20,0x04,0x40,0x02,0x80,0x01,0x00,0x00,0x80,0x00,0x80},  /* 令 U+4EE4 */
    {0xE4,0xBB,0xA5,0x00,0x00,0x10,0x04,0x10,0x22,0x10,0x21,0x10,0x21,0x10,0x20,0x10,0x20,0x10,0x20,0x20,0x20,0x20,0x20,0x20,0x24,0x40,0x28,0x50,0x30,0x88,0x21,0x04,0x02,0x02,0x04,0x02},  /* 以 U+4EE5 */
    {0xE4,0xBB,0xAC,0x00,0x09,0x00,0x08,0x80,0x08,0xBC,0x12,0x04,0x12,0x04,0x32,0x04,0x32,0x04,0x52,0x04,0x92,0x04,0x12,0x04,0x12,0x04,0x12,0x04,0x12,0x04,0x12,0x04,0x12,0x14,0x12,0x08},  /* 们 U+4EEC */
    {0xE4,0xBB,0xB6,0x00,0x08,0x20,0x08,0x20,0x09,0x20,0x11,0x20,0x11,0xFC,0x32,0x20,0x32,0x20,0x54,0x20,0x90,0x20,0x17,0xFE,0x10,0x20,0x10,0x20,0x10,0x20,0x10,0x20,0x10,0x20,0x10,0x20},  /* 件 U+4EF6 */
    {0xE4,0xBB,0xBB,0x00,0x08,0x10,0x08,0x78,0x0B,0xC0,0x10,0x40,0x10,0x40,0x30,0x40,0x30,0x40,0x5F,0xFE,0x90,0x40,0x10,0x40,0x10,0x40,0x10,0x40,0x10,0x40,0x10,0x40,0x17,0xFC,0x10,0x00},  /* 任 U+4EFB */
    {0xE4,0xBC,0x98,0x00,0x08,0x90,0x08,0x88,0x08,0x88,0x10,0x80,0x17,0xFE,0x30,0xA0,0x30,0xA0,0x50,0xA0,0x90,0xA0,0x10,0xA0,0x11,0x20,0x11,0x22,0x11,0x22,0x12,0x22,0x12,0x1E,0x14,0x00},  /* 优 U+4F18 */
    {0xE4,0xBC,0x9A,0x00,0x01,0x00,0x01,0x00,0x02,0x80,0x04,0x40,0x08,0x20,0x30,0x18,0xCF,0xE6,0x00,0x00,0x00,0x00,0x7F,0xFC,0x02,0x00,0x04,0x00,0x08,0x20,0x10,0x10,0x3F,0xF8,0x10,0x08},  /* 会 U+4F1A */
    {0xE4,0xBC,0xA0,0x00,0x08,0x40,0x08,0x40,0x08,0x40,0x13,0xF8,0x10,0x40,0x30,0x80,0x37,0xFE,0x50,0x80,0x91,0x00,0x13,0xF8,0x10,0x08,0x11,0x10,0x10,0xA0,0x10,0x40,0x10,0x20,0x10,0x20},  /* 传 U+4F20 */
    {0xE4,0xBC,0xAA,0x00,0x08,0x40,0x0A,0x40,0x09,0x40,0x11,0x40,0x10,0x40,0x37,0xFC,0x30,0x44,0x50,0x44,0x90,0x84,0x10,0xA4,0x10,0x94,0x11,0x14,0x11,0x04,0x12,0x04,0x14,0x28,0x18,0x10},  /* 伪 U+4F2A */
    {0xE4,0xBD,0x86,0x00,0x08,0x00,0x08,0x00,0x0B,0xFC,0x12,0x04,0x12,0x04,0x32,0x04,0x33,0xFC,0x52,0x04,0x92,0x04,0x12,0x04,0x13,0xFC,0x12,0x04,0x10,0x00,0x10,0x00,0x17,0xFE,0x10,0x00},  /* 但 U+4F46 */
    {0xE4,0xBD,0x8D,0x00,0x08,0x80,0x08,0x40,0x08,0x40,0x10,0x00,0x17,0xFC,0x30,0x00,0x30,0x08,0x52,0x08,0x92,0x08,0x11,0x10,0x11,0x10,0x11,0x10,0x11,0x20,0x10,0x20,0x1F,0xFE,0x10,0x00},  /* 位 U+4F4D */
    {0xE4,0xBD,0x8E,0x00,0x08,0x08,0x08,0x3C,0x0B,0xE0,0x12,0x20,0x12,0x20,0x32,0x20,0x32,0x20,0x53,0xFE,0x92,0x20,0x12,0x10,0x12,0x10,0x12,0x12,0x12,0x0A,0x12,0x8A,0x13,0x26,0x12,0x12},  /* 低 U+4F4E */
    {0xE4,0xBD,0x8F,0x00,0x08,0x80,0x08,0x40,0x08,0x00,0x17,0xFC,0x10,0x40,0x30,0x40,0x30,0x40,0x50,0x40,0x97,0xFC,0x10,0x40,0x10,0x40,0x10,0x40,0x10,0x40,0x10,0x40,0x1F,0xFE,0x10,0x00},  /* 住 U+4F4F */
    {0xE4,0xBD,0x93,0x00,0x08,0x40,0x08,0x40,0x08,0x40,0x10,0x40,0x17,0xFC,0x30,0x40,0x30,0xE0,0x50,0xE0,0x91,0x50,0x11,0x50,0x12,0x48,0x15,0xF4,0x18,0x42,0x10,0x40,0x10,0x40,0x10,0x40},  /* 体 U+4F53 */
    {0xE4,0xBD,0x95,0x00,0x08,0x00,0x08,0x00,0x17,0xFE,0x10,0x08,0x20,0x08,0x33,0xC8,0x52,0x48,0x92,0x48,0x12,0x48,0x12,0x48,0x13,0xC8,0x12,0x48,0x10,0x08,0x10,0x08,0x10,0x28,0x10,0x10},  /* 何 U+4F55 */
    {0xE4,0xBD,0x99,0x00,0x01,0x00,0x01,0x00,0x02,0x80,0x04,0x40,0x08,0x20,0x10,0x10,0x2F,0xE8,0xC1,0x06,0x01,0x00,0x3F,0xF8,0x01,0x00,0x11,0x10,0x11,0x08,0x21,0x04,0x45,0x04,0x02,0x00},  /* 余 U+4F59 */
    {0xE4,0xBD,0x9C,0x00,0x09,0x00,0x09,0x00,0x09,0x00,0x11,0xFE,0x12,0x80,0x32,0x80,0x34,0x80,0x50,0xF8,0x90,0x80,0x10,0x80,0x10,0x80,0x10,0xFC,0x10,0x80,0x10,0x80,0x10,0x80,0x10,0x80},  /* 作 U+4F5C */
    {0xE4,0xBD,0xBF,0x00,0x10,0x40,0x10,0x40,0x1F,0xFE,0x20,0x40,0x20,0x40,0x67,0xFC,0x64,0x44,0xA4,0x44,0x27,0xFC,0x20,0x40,0x22,0x40,0x21,0x40,0x20,0x80,0x21,0x40,0x22,0x30,0x2C,0x0E},  /* 使 U+4F7F */
    {0xE4,0xBE,0x8B,0x00,0x10,0x04,0x10,0x04,0x17,0xC4,0x22,0x14,0x22,0x14,0x63,0xD4,0x62,0x54,0xA4,0x54,0x26,0x54,0x25,0x54,0x28,0x94,0x20,0x94,0x21,0x04,0x22,0x04,0x24,0x14,0x28,0x08},  /* 例 U+4F8B */
    {0xE4,0xBE,0x9B,0x00,0x09,0x10,0x09,0x10,0x09,0x10,0x11,0x10,0x13,0xFC,0x31,0x10,0x31,0x10,0x51,0x10,0x91,0x10,0x17,0xFE,0x10,0x00,0x11,0x10,0x11,0x08,0x12,0x08,0x14,0x04,0x18,0x04},  /* 供 U+4F9B */
    {0xE4,0xBE,0x9D,0x00,0x08,0x80,0x08,0x40,0x08,0x40,0x17,0xFE,0x10,0x80,0x30,0x80,0x31,0x40,0x51,0x44,0x93,0x48,0x15,0x30,0x19,0x20,0x11,0x10,0x11,0x08,0x11,0x44,0x11,0x82,0x11,0x00},  /* 依 U+4F9D */
    {0xE4,0xBE,0xA7,0x00,0x10,0x04,0x17,0xC4,0x14,0x44,0x24,0x54,0x25,0x54,0x65,0x54,0x65,0x54,0xA5,0x54,0x25,0x54,0x25,0x54,0x25,0x54,0x21,0x04,0x22,0x84,0x22,0x44,0x24,0x14,0x28,0x08},  /* 侧 U+4FA7 */
    {0xE4,0xBE,0xBF,0x00,0x10,0x00,0x17,0xFE,0x10,0x40,0x27,0xFC,0x24,0x44,0x64,0x44,0x67,0xFC,0xA4,0x44,0x24,0x44,0x27,0xFC,0x22,0x40,0x21,0x40,0x20,0x80,0x21,0x40,0x22,0x30,0x2C,0x0E},  /* 便 U+4FBF */
    {0xE4,0xBF,0x9D,0x00,0x08,0x00,0x0B,0xF8,0x0A,0x08,0x12,0x08,0x12,0x08,0x33,0xF8,0x30,0x40,0x50,0x40,0x97,0xFC,0x10,0xE0,0x11,0x50,0x12,0x48,0x14,0x44,0x18,0x42,0x10,0x40,0x10,0x40},  /* 保 U+4FDD */
    {0xE4,0xBF,0xA1,0x00,0x08,0x40,0x08,0x20,0x0B,0xFE,0x10,0x00,0x10,0x00,0x31,0xFC,0x30,0x00,0x50,0x00,0x91,0xFC,0x10,0x00,0x10,0x00,0x11,0xFC,0x11,0x04,0x11,0x04,0x11,0xFC,0x11,0x04},  /* 信 U+4FE1 */
    {0xE4,0xBF,0xAE,0x00,0x10,0x80,0x10,0x80,0x11,0xF8,0x21,0x08,0x2A,0x90,0x6C,0x60,0xA9,0x98,0x2E,0x26,0x28,0xC0,0x2B,0x10,0x28,0x20,0x28,0xC8,0x2B,0x10,0x20,0x60,0x21,0x80,0x26,0x00},  /* 修 U+4FEE */
    {0xE5,0x80,0x8D,0x00,0x08,0x80,0x08,0x40,0x0B,0xFC,0x10,0x00,0x12,0x08,0x31,0x08,0x31,0x10,0x57,0xFE,0x90,0x00,0x10,0x00,0x13,0xFC,0x12,0x04,0x12,0x04,0x12,0x04,0x13,0xFC,0x12,0x04},  /* 倍 U+500D */
    {0xE5,0x80,0x99,0x00,0x10,0x00,0x13,0xF8,0x10,0x08,0x28,0x08,0x2F,0xFE,0x69,0x00,0x69,0x00,0xAB,0xF8,0x2C,0x40,0x28,0x40,0x2F,0xFE,0x28,0x40,0x28,0xA0,0x21,0x10,0x22,0x08,0x2C,0x06},  /* 候 U+5019 */
    {0xE5,0x80,0xBC,0x00,0x08,0x40,0x08,0x40,0x0F,0xFC,0x10,0x40,0x10,0x40,0x33,0xF8,0x32,0x08,0x53,0xF8,0x92,0x08,0x13,0xF8,0x12,0x08,0x13,0xF8,0x12,0x08,0x12,0x08,0x1F,0xFE,0x10,0x00},  /* 值 U+503C */
    {0xE5,0x81,0x87,0x00,0x10,0x00,0x17,0xBC,0x14,0x84,0x24,0x84,0x24,0x84,0x67,0xBC,0x64,0x00,0xA4,0x00,0x27,0xBC,0x24,0x24,0x24,0x24,0x27,0xA8,0x24,0x10,0x24,0x28,0x24,0x44,0x24,0x82},  /* 假 U+5047 */
    {0xE5,0x81,0x8F,0x00,0x10,0x80,0x10,0x40,0x17,0xFC,0x24,0x04,0x24,0x04,0x67,0xFC,0x64,0x00,0xA4,0x00,0x27,0xFC,0x26,0xA4,0x2A,0xA4,0x2B,0xFC,0x2A,0xA4,0x2A,0xA4,0x32,0xA4,0x22,0x0C},  /* 偏 U+504F */
    {0xE5,0x81,0x9A,0x00,0x12,0x10,0x12,0x10,0x12,0x10,0x2F,0xA0,0x22,0x3E,0x62,0x44,0x62,0x24,0xAF,0xA4,0x28,0xA4,0x28,0xA8,0x28,0xA8,0x28,0x90,0x2F,0xA8,0x28,0x28,0x20,0x44,0x20,0x82},  /* 做 U+505A */
    {0xE5,0x81,0x9C,0x00,0x10,0x80,0x10,0x40,0x17,0xFC,0x20,0x00,0x23,0xF8,0x62,0x08,0x63,0xF8,0xA0,0x00,0x2F,0xFE,0x28,0x02,0x23,0xF8,0x20,0x40,0x20,0x40,0x20,0x40,0x21,0x40,0x20,0x80},  /* 停 U+505C */
    {0xE5,0x81,0xA5,0x00,0x10,0x20,0x10,0x20,0x10,0xFC,0x2E,0x24,0x23,0xFE,0x62,0x24,0x64,0xFC,0xA4,0x20,0x2E,0xFC,0x22,0x20,0x22,0x20,0x2B,0xFE,0x24,0x20,0x26,0x20,0x29,0xFE,0x30,0x00},  /* 健 U+5065 */
    {0xE5,0x82,0xA8,0x00,0x10,0x20,0x10,0x20,0x18,0xFA,0x24,0x24,0x24,0x28,0x61,0xFE,0x60,0x20,0xBC,0x40,0x24,0xFC,0x25,0x44,0x26,0x44,0x24,0x7C,0x25,0x44,0x26,0x44,0x24,0x7C,0x20,0x44},  /* 储 U+50A8 */
    {0xE5,0x83,0x8F,0x00,0x09,0x00,0x09,0xF0,0x0A,0x10,0x17,0xFC,0x1A,0x24,0x32,0x44,0x33,0xFC,0x50,0x80,0x91,0x44,0x16,0xA8,0x11,0x30,0x16,0x68,0x10,0xA8,0x11,0x24,0x16,0xA2,0x10,0x40},  /* 像 U+50CF */
    {0xE5,0x85,0x81,0x00,0x01,0x00,0x01,0x00,0x02,0x00,0x04,0x40,0x08,0x20,0x10,0x10,0x3F,0xF8,0x04,0x48,0x04,0x40,0x04,0x40,0x04,0x40,0x08,0x40,0x08,0x42,0x10,0x42,0x20,0x42,0xC0,0x3E},  /* 允 U+5141 */
    {0xE5,0x85,0x83,0x00,0x3F,0xF8,0x00,0x00,0x00,0x00,0x00,0x00,0xFF,0xFE,0x04,0x40,0x04,0x40,0x04,0x40,0x04,0x40,0x08,0x40,0x08,0x42,0x10,0x42,0x20,0x42,0x40,0x3E,0x80,0x00,0x00,0x00},  /* 元 U+5143 */
    {0xE5,0x85,0x85,0x00,0x02,0x00,0x01,0x00,0xFF,0xFE,0x04,0x00,0x04,0x00,0x08,0x20,0x10,0x10,0x3F,0xF8,0x04,0x48,0x04,0x40,0x04,0x40,0x04,0x40,0x08,0x44,0x08,0x44,0x10,0x44,0x60,0x3C},  /* 充 U+5145 */
    {0xE5,0x85,0x88,0x00,0x01,0x00,0x11,0x00,0x11,0x00,0x1F,0xF8,0x21,0x00,0x41,0x00,0x01,0x00,0xFF,0xFE,0x04,0x40,0x04,0x40,0x04,0x40,0x08,0x40,0x08,0x42,0x10,0x42,0x20,0x3E,0xC0,0x00},  /* 先 U+5148 */
    {0xE5,0x85,0x89,0x00,0x01,0x00,0x21,0x08,0x11,0x08,0x09,0x10,0x09,0x20,0x01,0x00,0xFF,0xFE,0x04,0x40,0x04,0x40,0x04,0x40,0x04,0x40,0x08,0x42,0x08,0x42,0x10,0x42,0x20,0x3E,0xC0,0x00},  /* 光 U+5149 */
    {0xE5,0x85,0x8D,0x00,0x08,0x00,0x08,0x00,0x0F,0xE0,0x10,0x20,0x20,0x40,0x7F,0xF8,0xA1,0x08,0x21,0x08,0x21,0x08,0x3F,0xF8,0x22,0x88,0x04,0x80,0x08,0x80,0x10,0x82,0x20,0x82,0xC0,0x7E},  /* 免 U+514D */
    {0xE5,0x85,0xA5,0x00,0x04,0x00,0x02,0x00,0x01,0x00,0x01,0x00,0x01,0x00,0x02,0x80,0x02,0x80,0x02,0x80,0x04,0x40,0x04,0x40,0x08,0x20,0x08,0x20,0x10,0x10,0x20,0x10,0x40,0x08,0x80,0x06},  /* 入 U+5165 */
    {0xE5,0x85,0xA8,0x00,0x01,0x00,0x01,0x00,0x02,0x80,0x04,0x40,0x08,0x20,0x10,0x10,0x2F,0xE8,0xC1,0x06,0x01,0x00,0x01,0x00,0x1F,0xF0,0x01,0x00,0x01,0x00,0x01,0x00,0x7F,0xFC,0x00,0x00},  /* 全 U+5168 */
    {0xE5,0x85,0xAC,0x00,0x00,0x80,0x04,0x80,0x04,0x80,0x08,0x40,0x08,0x40,0x10,0x20,0x20,0x10,0x42,0x08,0x82,0x06,0x04,0x00,0x04,0x40,0x08,0x20,0x10,0x20,0x3F,0xF0,0x10,0x10,0x00,0x00},  /* 公 U+516C */
    {0xE5,0x85,0xAD,0x00,0x02,0x00,0x01,0x00,0x00,0x80,0x00,0x80,0x00,0x00,0xFF,0xFE,0x00,0x00,0x00,0x00,0x04,0x40,0x04,0x20,0x08,0x10,0x08,0x08,0x10,0x08,0x20,0x04,0x40,0x04,0x00,0x00},  /* 六 U+516D */
    {0xE5,0x85,0xB1,0x00,0x04,0x20,0x04,0x20,0x04,0x20,0x04,0x20,0x3F,0xFC,0x04,0x20,0x04,0x20,0x04,0x20,0x04,0x20,0x04,0x20,0x7F,0xFE,0x00,0x00,0x04,0x20,0x08,0x10,0x10,0x08,0x20,0x04},  /* 共 U+5171 */
    {0xE5,0x85,0xB3,0x00,0x10,0x10,0x08,0x10,0x08,0x20,0x00,0x00,0x3F,0xF8,0x01,0x00,0x01,0x00,0x01,0x00,0xFF,0xFE,0x01,0x00,0x02,0x80,0x02,0x80,0x04,0x40,0x08,0x20,0x30,0x18,0xC0,0x06},  /* 关 U+5173 */
    {0xE5,0x85,0xB6,0x00,0x08,0x20,0x08,0x20,0x7F,0xFC,0x08,0x20,0x08,0x20,0x0F,0xE0,0x08,0x20,0x08,0x20,0x0F,0xE0,0x08,0x20,0x08,0x20,0xFF,0xFE,0x00,0x00,0x08,0x20,0x10,0x10,0x20,0x08},  /* 其 U+5176 */
    {0xE5,0x85,0xB7,0x00,0x1F,0xF0,0x10,0x10,0x10,0x10,0x1F,0xF0,0x10,0x10,0x1F,0xF0,0x10,0x10,0x1F,0xF0,0x10,0x10,0x10,0x10,0xFF,0xFE,0x04,0x40,0x08,0x20,0x10,0x10,0x20,0x08,0x00,0x00},  /* 具 U+5177 */
    {0xE5,0x85,0xBC,0x00,0x10,0x20,0x08,0x40,0x7F,0xFC,0x04,0x80,0x04,0x80,0x3F,0xF0,0x04,0x90,0xFF,0xFE,0x04,0x90,0x3F,0xF0,0x0C,0xC0,0x14,0xA0,0x24,0x98,0xC4,0x86,0x04,0x80,0x04,0x80},  /* 兼 U+517C */
    {0xE5,0x86,0x85,0x00,0x01,0x00,0x01,0x00,0x01,0x00,0x7F,0xFC,0x41,0x04,0x41,0x04,0x41,0x04,0x42,0x84,0x42,0x44,0x44,0x24,0x48,0x14,0x50,0x14,0x40,0x04,0x40,0x04,0x40,0x14,0x40,0x08},  /* 内 U+5185 */
    {0xE5,0x86,0x8C,0x00,0x1E,0x78,0x12,0x48,0x12,0x48,0x12,0x48,0x12,0x48,0x12,0x48,0xFF,0xFE,0x12,0x48,0x12,0x48,0x12,0x48,0x12,0x48,0x12,0x48,0x12,0x88,0x26,0xA8,0x41,0x10,0x00,0x00},  /* 册 U+518C */
    {0xE5,0x86,0x8D,0x00,0xFF,0xFE,0x01,0x00,0x01,0x00,0x3F,0xF8,0x21,0x08,0x21,0x08,0x3F,0xF8,0x21,0x08,0x21,0x08,0xFF,0xFE,0x20,0x08,0x20,0x08,0x20,0x08,0x20,0x28,0x20,0x10,0x00,0x00},  /* 再 U+518D */
    {0xE5,0x86,0x99,0x00,0x7F,0xFE,0x40,0x02,0x90,0x04,0x10,0x00,0x1F,0xF8,0x10,0x00,0x20,0x00,0x3F,0xF8,0x00,0x08,0x00,0x08,0xFF,0xC8,0x00,0x08,0x00,0x08,0x00,0x50,0x00,0x20,0x00,0x00},  /* 写 U+5199 */
    {0xE5,0x86,0xB2,0x00,0x00,0x40,0x40,0x40,0x20,0x40,0x20,0x40,0x07,0xFC,0x04,0x44,0x14,0x44,0x14,0x44,0x24,0x44,0xE4,0x44,0x27,0xFC,0x24,0x44,0x20,0x40,0x20,0x40,0x20,0x40,0x00,0x40},  /* 冲 U+51B2 */
    {0xE5,0x86,0xB3,0x00,0x00,0x80,0x40,0x80,0x20,0x80,0x27,0xF8,0x00,0x88,0x00,0x88,0x10,0x88,0x10,0x88,0x2F,0xFE,0xE0,0x80,0x21,0x40,0x21,0x40,0x22,0x20,0x24,0x10,0x28,0x08,0x10,0x06},  /* 决 U+51B3 */
    {0xE5,0x86,0xB5,0x00,0x47,0xF8,0x24,0x08,0x24,0x08,0x04,0x08,0x04,0x08,0x17,0xF8,0x11,0x20,0x21,0x20,0xE1,0x20,0x21,0x20,0x22,0x20,0x22,0x22,0x24,0x22,0x28,0x1E,0x10,0x00,0x00,0x00},  /* 况 U+51B5 */
    {0xE5,0x87,0x80,0x00,0x01,0x00,0x41,0x00,0x23,0xF0,0x24,0x10,0x00,0x20,0x17,0xFC,0x10,0x44,0x10,0x44,0x2F,0xFE,0x20,0x44,0xE0,0x44,0x27,0xFC,0x20,0x44,0x20,0x40,0x21,0x40,0x00,0x80},  /* 净 U+51C0 */
    {0xE5,0x87,0x86,0x00,0x01,0x40,0x41,0x20,0x21,0x20,0x23,0xFE,0x02,0x20,0x16,0x20,0x1B,0xFC,0x12,0x20,0x22,0x20,0x23,0xFC,0xE2,0x20,0x22,0x20,0x22,0x20,0x23,0xFE,0x22,0x00,0x02,0x00},  /* 准 U+51C6 */
    {0xE5,0x87,0x91,0x00,0x00,0x40,0x40,0x40,0x27,0xFC,0x20,0x40,0x03,0xF8,0x00,0x80,0x17,0xFC,0x11,0x10,0x22,0x08,0xE5,0xF6,0x20,0x40,0x23,0xF8,0x20,0x40,0x20,0xA0,0x21,0x10,0x06,0x08},  /* 凑 U+51D1 */
    {0xE5,0x87,0xA0,0x00,0x0F,0xE0,0x08,0x20,0x08,0x20,0x08,0x20,0x08,0x20,0x08,0x20,0x08,0x20,0x08,0x20,0x08,0x20,0x10,0x20,0x10,0x22,0x20,0x22,0x20,0x22,0x40,0x1E,0x80,0x00,0x00,0x00},  /* 几 U+51E0 */
    {0xE5,0x87,0xB6,0x00,0x00,0x10,0x10,0x10,0x08,0x20,0x44,0x44,0x42,0x84,0x41,0x04,0x42,0x84,0x44,0x44,0x48,0x24,0x50,0x14,0x60,0x14,0x40,0x04,0x40,0x04,0x7F,0xFC,0x00,0x04,0x00,0x00},  /* 凶 U+51F6 */
    {0xE5,0x87,0xBA,0x00,0x01,0x00,0x01,0x00,0x21,0x08,0x21,0x08,0x21,0x08,0x21,0x08,0x3F,0xF8,0x01,0x08,0x01,0x00,0x01,0x00,0x41,0x04,0x41,0x04,0x41,0x04,0x41,0x04,0x7F,0xFC,0x00,0x04},  /* 出 U+51FA */
    {0xE5,0x87,0xBB,0x00,0x01,0x00,0x01,0x00,0x01,0x00,0x3F,0xF8,0x01,0x00,0x01,0x00,0x01,0x00,0xFF,0xFE,0x01,0x00,0x01,0x00,0x21,0x08,0x21,0x08,0x21,0x08,0x21,0x08,0x3F,0xF8,0x00,0x08},  /* 击 U+51FB */
    {0xE5,0x87,0xBD,0x00,0x3F,0xF0,0x00,0x20,0x00,0x40,0x51,0x94,0x49,0x24,0x45,0x44,0x41,0x04,0x45,0x44,0x49,0x24,0x51,0x14,0x45,0x04,0x42,0x04,0x40,0x04,0x7F,0xFC,0x00,0x04,0x00,0x00},  /* 函 U+51FD */
    {0xE5,0x88,0x86,0x00,0x00,0x40,0x04,0x40,0x04,0x20,0x08,0x20,0x10,0x10,0x20,0x08,0x40,0x04,0x9F,0xE2,0x04,0x20,0x04,0x20,0x04,0x20,0x08,0x20,0x08,0x20,0x10,0x20,0x21,0x40,0x40,0x80},  /* 分 U+5206 */
    {0xE5,0x88,0x87,0x00,0x10,0x00,0x10,0x00,0x11,0xFC,0x10,0x44,0x10,0x44,0x1E,0x44,0xF0,0x44,0x10,0x44,0x10,0x44,0x12,0x44,0x14,0x44,0x18,0x84,0x10,0x84,0x01,0x04,0x02,0x28,0x04,0x10},  /* 切 U+5207 */
    {0xE5,0x88,0x92,0x00,0x10,0x04,0x14,0x04,0x12,0x04,0x10,0x24,0x13,0xA4,0xFC,0x24,0x10,0x24,0x11,0x24,0x11,0x24,0x12,0x24,0x0C,0x24,0x08,0xA4,0x14,0x84,0x22,0x84,0xC1,0x94,0x00,0x88},  /* 划 U+5212 */
    {0xE5,0x88,0x97,0x00,0x00,0x04,0x7F,0x84,0x08,0x04,0x08,0x24,0x1F,0x24,0x11,0x24,0x21,0x24,0x21,0x24,0x52,0x24,0x8A,0x24,0x04,0x24,0x04,0x24,0x08,0x04,0x10,0x04,0x20,0x14,0x40,0x08},  /* 列 U+5217 */
    {0xE5,0x88,0x99,0x00,0x00,0x04,0x7F,0x04,0x41,0x04,0x41,0x24,0x49,0x24,0x49,0x24,0x49,0x24,0x49,0x24,0x49,0x24,0x49,0x24,0x49,0x24,0x14,0x24,0x12,0x04,0x21,0x04,0x40,0x94,0x80,0x88},  /* 则 U+5219 */
    {0xE5,0x88,0x9A,0x00,0x00,0x04,0x7F,0x04,0x41,0x04,0x41,0x24,0x65,0x24,0x55,0x24,0x55,0x24,0x49,0x24,0x49,0x24,0x55,0x24,0x55,0x24,0x65,0x24,0x41,0x04,0x41,0x04,0x45,0x14,0x42,0x08},  /* 刚 U+521A */
    {0xE5,0x88,0x9B,0x00,0x08,0x04,0x08,0x04,0x14,0x04,0x12,0x24,0x21,0x24,0x40,0xA4,0xBE,0x24,0x22,0x24,0x22,0x24,0x22,0x24,0x2A,0x24,0x24,0x24,0x20,0x84,0x20,0x84,0x1F,0x94,0x00,0x08},  /* 创 U+521B */
    {0xE5,0x88,0x9D,0x00,0x20,0x00,0x10,0x00,0x01,0xFC,0xFC,0x44,0x08,0x44,0x10,0x44,0x10,0x44,0x34,0x44,0x58,0x44,0x94,0x44,0x14,0x44,0x10,0x84,0x10,0x84,0x11,0x04,0x12,0x28,0x14,0x10},  /* 初 U+521D */
    {0xE5,0x88,0xA0,0x00,0x00,0x02,0x7B,0xC2,0x4A,0x42,0x4A,0x4A,0x4A,0x4A,0x4A,0x4A,0x4A,0x4A,0xFF,0xEA,0x4A,0x4A,0x4A,0x4A,0x4A,0x4A,0x4A,0x4A,0x4A,0x42,0x5A,0x42,0x85,0x4A,0x08,0x84},  /* 删 U+5220 */
    {0xE5,0x88,0xA4,0x00,0x04,0x04,0x44,0x84,0x24,0x84,0x25,0x24,0x04,0x24,0x7F,0xA4,0x04,0x24,0x04,0x24,0x04,0x24,0xFF,0xE4,0x04,0x24,0x08,0x24,0x08,0x04,0x10,0x04,0x20,0x14,0x40,0x08},  /* 判 U+5224 */
    {0xE5,0x88,0xAB,0x00,0x00,0x04,0x7F,0x04,0x41,0x04,0x41,0x24,0x41,0x24,0x7F,0x24,0x10,0x24,0x10,0x24,0xFF,0x24,0x11,0x24,0x11,0x24,0x11,0x24,0x21,0x04,0x21,0x04,0x4A,0x14,0x84,0x08},  /* 别 U+522B */
    {0xE5,0x88,0xB0,0x00,0x00,0x04,0xFF,0x84,0x08,0x04,0x10,0x24,0x22,0x24,0x41,0x24,0xFF,0xA4,0x08,0xA4,0x08,0x24,0x08,0x24,0x7F,0x24,0x08,0x24,0x08,0x04,0x0F,0x84,0xF8,0x14,0x40,0x08},  /* 到 U+5230 */
    {0xE5,0x88,0xB6,0x00,0x04,0x04,0x24,0x04,0x24,0x04,0x3F,0xA4,0x44,0x24,0x04,0x24,0xFF,0xE4,0x04,0x24,0x04,0x24,0x3F,0xA4,0x24,0xA4,0x24,0xA4,0x26,0x84,0x25,0x04,0x04,0x14,0x04,0x08},  /* 制 U+5236 */
    {0xE5,0x88,0xB7,0x00,0x00,0x02,0x3F,0xC2,0x20,0x42,0x20,0x42,0x3F,0xD2,0x22,0x12,0x22,0x12,0x22,0x12,0x3F,0xD2,0x52,0x52,0x52,0x52,0x52,0x52,0x93,0x42,0x12,0x82,0x02,0x0A,0x02,0x04},  /* 刷 U+5237 */
    {0xE5,0x88,0xBB,0x00,0x10,0x04,0x08,0x04,0x00,0x04,0xFF,0xA4,0x08,0x24,0x11,0x24,0x21,0x24,0x7E,0x24,0x04,0x24,0x09,0x24,0x12,0x24,0x24,0x24,0xCC,0x04,0x12,0x04,0x21,0x14,0xC0,0x88},  /* 刻 U+523B */
    {0xE5,0x89,0x8D,0x00,0x10,0x10,0x08,0x10,0x08,0x20,0xFF,0xFE,0x00,0x00,0x3E,0x08,0x22,0x48,0x22,0x48,0x3E,0x48,0x22,0x48,0x22,0x48,0x3E,0x48,0x22,0x08,0x22,0x08,0x2A,0x28,0x24,0x10},  /* 前 U+524D */
    {0xE5,0x89,0x94,0x00,0x00,0x04,0x3F,0x04,0x21,0x04,0x21,0x24,0x3F,0x24,0x21,0x24,0x21,0x24,0x3F,0x24,0x10,0x24,0x3F,0xA4,0x4A,0xA4,0x92,0xA4,0x24,0x84,0x48,0x84,0x12,0x94,0x21,0x08},  /* 剔 U+5254 */
    {0xE5,0x89,0xA5,0x00,0x00,0x04,0x7E,0x04,0x02,0x04,0x3E,0x24,0x02,0x24,0xFF,0xA4,0x08,0x24,0x09,0x24,0x49,0x24,0x2A,0x24,0x1C,0x24,0x2A,0x24,0xC9,0x04,0x09,0x04,0x28,0x14,0x10,0x08},  /* 剥 U+5265 */
    {0xE5,0x89,0xA9,0x00,0x07,0x02,0x78,0x02,0x08,0x02,0xFF,0x82,0x2A,0x12,0x2A,0x92,0xEB,0x12,0x2A,0x92,0x6A,0x92,0xA9,0x92,0x1C,0x12,0x2A,0x12,0x49,0x02,0x88,0x82,0x08,0x0A,0x08,0x04},  /* 剩 U+5269 */
    {0xE5,0x89,0xAA,0x00,0x08,0x20,0xFF,0xFE,0x00,0x00,0x3E,0x08,0x22,0x48,0x3E,0x48,0x22,0x48,0x3E,0x48,0x22,0x08,0x26,0x18,0x00,0x00,0x7F,0xF8,0x04,0x08,0x08,0x08,0x10,0x50,0x60,0x20},  /* 剪 U+526A */
    {0xE5,0x89,0xB2,0x00,0x10,0x04,0x08,0x04,0xFF,0x84,0x80,0xA4,0x09,0x24,0x7F,0x24,0x08,0x24,0x7F,0x24,0x08,0x24,0xFF,0xA4,0x08,0x24,0x7F,0x24,0x41,0x04,0x41,0x04,0x7F,0x14,0x41,0x08},  /* 割 U+5272 */
    {0xE5,0x8A,0x9F,0x00,0x00,0x40,0x00,0x40,0x00,0x40,0xFE,0x40,0x11,0xFC,0x10,0x44,0x10,0x44,0x10,0x44,0x10,0x44,0x10,0x84,0x10,0x84,0x1E,0x84,0xF1,0x04,0x41,0x04,0x02,0x28,0x04,0x10},  /* 功 U+529F */
    {0xE5,0x8A,0xA0,0x00,0x10,0x00,0x10,0x00,0x10,0x00,0x10,0x7C,0xFE,0x44,0x12,0x44,0x12,0x44,0x12,0x44,0x12,0x44,0x12,0x44,0x12,0x44,0x12,0x44,0x22,0x44,0x22,0x7C,0x4A,0x44,0x84,0x00},  /* 加 U+52A0 */
    {0xE5,0x8A,0xA8,0x00,0x00,0x40,0x00,0x40,0x7C,0x40,0x00,0x40,0x01,0xFC,0x00,0x44,0xFE,0x44,0x20,0x44,0x20,0x44,0x20,0x84,0x48,0x84,0x44,0x84,0xFD,0x04,0x45,0x04,0x02,0x28,0x04,0x10},  /* 动 U+52A8 */
    {0xE5,0x8A,0xA9,0x00,0x00,0x20,0x7C,0x20,0x44,0x20,0x44,0x20,0x44,0xFC,0x7C,0x24,0x44,0x24,0x44,0x24,0x7C,0x24,0x44,0x24,0x44,0x24,0x44,0x44,0x4E,0x44,0xF0,0x84,0x01,0x28,0x02,0x10},  /* 助 U+52A9 */
    {0xE5,0x8C,0x85,0x00,0x08,0x00,0x08,0x00,0x1F,0xF0,0x10,0x10,0x20,0x10,0x5F,0x90,0x90,0x90,0x10,0x90,0x10,0x90,0x1F,0x90,0x10,0x50,0x10,0x20,0x10,0x04,0x10,0x04,0x0F,0xFC,0x00,0x00},  /* 包 U+5305 */
    {0xE5,0x8C,0x96,0x00,0x08,0x80,0x08,0x80,0x08,0x84,0x10,0x88,0x10,0x90,0x30,0xA0,0x30,0xC0,0x50,0x80,0x91,0x80,0x12,0x80,0x14,0x80,0x10,0x82,0x10,0x82,0x10,0x82,0x10,0x7E,0x10,0x00},  /* 化 U+5316 */
    {0xE5,0x8C,0xB9,0x00,0x00,0x00,0x7F,0xFC,0x44,0x40,0x44,0x40,0x44,0x40,0x44,0x40,0x44,0x40,0x44,0x40,0x44,0x44,0x44,0x44,0x48,0x44,0x48,0x3C,0x50,0x00,0x40,0x00,0x7F,0xFE,0x00,0x00},  /* 匹 U+5339 */
    {0xE5,0x8C,0xBA,0x00,0x00,0x00,0x7F,0xFC,0x40,0x00,0x40,0x10,0x44,0x10,0x42,0x20,0x41,0x40,0x40,0x80,0x41,0x40,0x42,0x20,0x44,0x10,0x48,0x10,0x40,0x00,0x40,0x00,0x7F,0xFE,0x00,0x00},  /* 区 U+533A */
    {0xE5,0x8D,0x81,0x00,0x01,0x00,0x01,0x00,0x01,0x00,0x01,0x00,0x01,0x00,0x01,0x00,0xFF,0xFE,0x01,0x00,0x01,0x00,0x01,0x00,0x01,0x00,0x01,0x00,0x01,0x00,0x01,0x00,0x01,0x00,0x01,0x00},  /* 十 U+5341 */
    {0xE5,0x8D,0x87,0x00,0x01,0x20,0x07,0xA0,0x3C,0x20,0x04,0x20,0x04,0x20,0x04,0x20,0x04,0x20,0xFF,0xFE,0x04,0x20,0x04,0x20,0x04,0x20,0x08,0x20,0x08,0x20,0x10,0x20,0x20,0x20,0x40,0x20},  /* 升 U+5347 */
    {0xE5,0x8D,0x8A,0x00,0x01,0x00,0x21,0x08,0x11,0x08,0x09,0x10,0x09,0x20,0x01,0x00,0x3F,0xF8,0x01,0x00,0x01,0x00,0x01,0x00,0xFF,0xFE,0x01,0x00,0x01,0x00,0x01,0x00,0x01,0x00,0x01,0x00},  /* 半 U+534A */
    {0xE5,0x8D,0x8F,0x00,0x20,0x80,0x20,0x80,0x20,0x80,0x20,0x80,0xFB,0xF0,0x20,0x90,0x20,0x90,0x22,0x98,0x22,0x94,0x24,0x92,0x28,0x92,0x20,0x90,0x21,0x10,0x21,0x10,0x22,0x50,0x24,0x20},  /* 协 U+534F */
    {0xE5,0x8D,0x95,0x00,0x10,0x10,0x08,0x20,0x04,0x40,0x3F,0xF8,0x21,0x08,0x21,0x08,0x3F,0xF8,0x21,0x08,0x21,0x08,0x3F,0xF8,0x01,0x00,0x01,0x00,0xFF,0xFE,0x01,0x00,0x01,0x00,0x01,0x00},  /* 单 U+5355 */
    {0xE5,0x8D,0xA0,0x00,0x01,0x00,0x01,0x00,0x01,0x00,0x01,0xFE,0x01,0x00,0x01,0x00,0x01,0x00,0x01,0x00,0x3F,0xF8,0x20,0x08,0x20,0x08,0x20,0x08,0x20,0x08,0x20,0x08,0x3F,0xF8,0x20,0x08},  /* 占 U+5360 */
    {0xE5,0x8D,0xA1,0x00,0x02,0x00,0x02,0x00,0x03,0xF8,0x02,0x00,0x02,0x00,0x02,0x00,0xFF,0xFE,0x02,0x00,0x02,0x00,0x02,0x40,0x02,0x20,0x02,0x10,0x02,0x08,0x02,0x00,0x02,0x00,0x02,0x00},  /* 卡 U+5361 */
    {0xE5,0x8D,0xAB,0x00,0x00,0x00,0x7F,0xF8,0x02,0x08,0x02,0x08,0x02,0x08,0x02,0x08,0x02,0x08,0x02,0x08,0x02,0x28,0x02,0x10,0x02,0x00,0x02,0x00,0x02,0x00,0x02,0x00,0xFF,0xFE,0x00,0x00},  /* 卫 U+536B */
    {0xE5,0x8D,0xB0,0x00,0x06,0x00,0x78,0xFC,0x40,0x84,0x40,0x84,0x40,0x84,0x7E,0x84,0x40,0x84,0x40,0x84,0x40,0x84,0x40,0x84,0x4E,0xA8,0x70,0x90,0x00,0x80,0x00,0x80,0x00,0x80,0x00,0x00},  /* 印 U+5370 */
    {0xE5,0x8D,0xB3,0x00,0x7E,0x7C,0x42,0x44,0x42,0x44,0x7E,0x44,0x42,0x44,0x42,0x44,0x7E,0x44,0x40,0x44,0x48,0x44,0x44,0x54,0x4A,0x48,0x52,0x40,0x60,0x40,0x00,0x40,0x00,0x40,0x00,0x00},  /* 即 U+5373 */
    {0xE5,0x8E,0x86,0x00,0x3F,0xFE,0x20,0x00,0x20,0x80,0x20,0x80,0x20,0x80,0x2F,0xFC,0x20,0x84,0x20,0x84,0x21,0x04,0x21,0x04,0x22,0x04,0x22,0x04,0x44,0x04,0x48,0x28,0x90,0x10,0x00,0x00},  /* 历 U+5386 */
    {0xE5,0x8E,0x8B,0x00,0x3F,0xFE,0x20,0x00,0x20,0x80,0x20,0x80,0x20,0x80,0x20,0x80,0x2F,0xFC,0x20,0x80,0x20,0x80,0x20,0x90,0x20,0x88,0x20,0x88,0x40,0x80,0x5F,0xFE,0x80,0x00,0x00,0x00},  /* 压 U+538B */
    {0xE5,0x8E,0x9F,0x00,0x3F,0xFE,0x20,0x80,0x21,0x00,0x27,0xF0,0x24,0x10,0x24,0x10,0x27,0xF0,0x24,0x10,0x24,0x10,0x27,0xF0,0x20,0x80,0x24,0x90,0x48,0x88,0x52,0x84,0x81,0x00,0x00,0x00},  /* 原 U+539F */
    {0xE5,0x8E,0xBB,0x00,0x01,0x00,0x01,0x00,0x01,0x00,0x3F,0xF8,0x01,0x00,0x01,0x00,0x01,0x00,0x01,0x00,0xFF,0xFE,0x02,0x00,0x02,0x00,0x04,0x00,0x08,0x20,0x10,0x10,0x3F,0xF8,0x00,0x08},  /* 去 U+53BB */
    {0xE5,0x8F,0x82,0x00,0x02,0x00,0x04,0x40,0x08,0x20,0x1F,0xF0,0x02,0x00,0x7F,0xFC,0x08,0x20,0x10,0x90,0x23,0x08,0xCC,0x46,0x01,0x80,0x06,0x10,0x18,0x20,0x00,0xC0,0x07,0x00,0x78,0x00},  /* 参 U+53C2 */
    {0xE5,0x8F,0x88,0x00,0x3F,0xF0,0x10,0x10,0x10,0x10,0x10,0x20,0x08,0x20,0x08,0x20,0x04,0x40,0x04,0x40,0x02,0x80,0x01,0x00,0x02,0x80,0x04,0x40,0x08,0x20,0x30,0x18,0xC0,0x06,0x00,0x00},  /* 又 U+53C8 */
    {0xE5,0x8F,0x8A,0x00,0x3F,0xE0,0x08,0x20,0x08,0x20,0x08,0x40,0x08,0x40,0x0C,0xF8,0x0A,0x08,0x0A,0x08,0x09,0x10,0x11,0x10,0x10,0xA0,0x20,0x40,0x20,0xA0,0x43,0x18,0x8C,0x06,0x00,0x00},  /* 及 U+53CA */
    {0xE5,0x8F,0x8B,0x00,0x02,0x00,0x02,0x00,0x02,0x00,0xFF,0xFE,0x04,0x00,0x04,0x00,0x0F,0xF0,0x0A,0x10,0x12,0x10,0x11,0x20,0x21,0x40,0x40,0x80,0x81,0x40,0x06,0x20,0x18,0x18,0x60,0x06},  /* 友 U+53CB */
    {0xE5,0x8F,0x8C,0x00,0x00,0x00,0xFD,0xFC,0x04,0x84,0x44,0x84,0x44,0x84,0x28,0x88,0x28,0x88,0x10,0x50,0x10,0x50,0x28,0x20,0x28,0x20,0x44,0x50,0x44,0x88,0x81,0x04,0x02,0x02,0x00,0x00},  /* 双 U+53CC */
    {0xE5,0x8F,0x8D,0x00,0x00,0x10,0x00,0xF8,0x3F,0x00,0x20,0x00,0x20,0x00,0x3F,0xF8,0x24,0x08,0x24,0x10,0x22,0x10,0x22,0x20,0x21,0x40,0x20,0x80,0x41,0x40,0x42,0x20,0x8C,0x18,0x30,0x06},  /* 反 U+53CD */
    {0xE5,0x8F,0x91,0x00,0x01,0x00,0x11,0x10,0x11,0x08,0x22,0x00,0x3F,0xFC,0x02,0x00,0x04,0x00,0x07,0xF8,0x0A,0x08,0x09,0x08,0x11,0x10,0x10,0xA0,0x20,0x40,0x40,0xA0,0x03,0x18,0x1C,0x06},  /* 发 U+53D1 */
    {0xE5,0x8F,0x96,0x00,0xFF,0x80,0x22,0xFC,0x22,0x44,0x3E,0x44,0x22,0x44,0x22,0x44,0x3E,0x44,0x22,0x28,0x22,0x28,0x27,0xA8,0xFA,0x10,0x42,0x10,0x02,0x28,0x02,0x44,0x02,0x82,0x00,0x00},  /* 取 U+53D6 */
    {0xE5,0x8F,0x97,0x00,0x00,0x08,0x00,0x7C,0x3F,0x88,0x11,0x08,0x08,0x90,0x7F,0xFE,0x40,0x02,0x80,0x04,0x3F,0xF0,0x08,0x20,0x04,0x40,0x02,0x80,0x01,0x00,0x06,0xC0,0x18,0x30,0xE0,0x0E},  /* 受 U+53D7 */
    {0xE5,0x8F,0x98,0x00,0x02,0x00,0x01,0x00,0xFF,0xFE,0x04,0x40,0x14,0x50,0x24,0x48,0x44,0x44,0x00,0x00,0x3F,0xF0,0x08,0x20,0x04,0x40,0x02,0x80,0x01,0x00,0x06,0xC0,0x18,0x30,0xE0,0x0E},  /* 变 U+53D8 */
    {0xE5,0x8F,0xA0,0x00,0x1F,0xE0,0x04,0x40,0x03,0x80,0x0C,0x40,0x7E,0xFC,0x22,0x44,0x1C,0x38,0x62,0x44,0x00,0x00,0xFF,0xFE,0x90,0x12,0x1F,0xF0,0x10,0x10,0x1F,0xF0,0x10,0x10,0xFF,0xFE},  /* 叠 U+53E0 */
    {0xE5,0x8F,0xA3,0x00,0x00,0x00,0x3F,0xF8,0x20,0x08,0x20,0x08,0x20,0x08,0x20,0x08,0x20,0x08,0x20,0x08,0x20,0x08,0x20,0x08,0x20,0x08,0x20,0x08,0x3F,0xF8,0x20,0x08,0x00,0x00,0x00,0x00},  /* 口 U+53E3 */
    {0xE5,0x8F,0xA6,0x00,0x1F,0xF0,0x10,0x10,0x10,0x10,0x10,0x10,0x1F,0xF0,0x02,0x00,0x02,0x00,0x7F,0xF8,0x02,0x08,0x04,0x08,0x04,0x08,0x08,0x08,0x10,0x08,0x20,0x50,0x40,0x20,0x00,0x00},  /* 另 U+53E6 */
    {0xE5,0x8F,0xAA,0x00,0x1F,0xF0,0x10,0x10,0x10,0x10,0x10,0x10,0x10,0x10,0x10,0x10,0x10,0x10,0x1F,0xF0,0x10,0x10,0x00,0x00,0x08,0x20,0x08,0x10,0x10,0x08,0x20,0x04,0x40,0x04,0x00,0x00},  /* 只 U+53EA */
    {0xE5,0x8F,0xAF,0x00,0x7F,0xFE,0x00,0x10,0x00,0x10,0x1F,0x10,0x11,0x10,0x11,0x10,0x11,0x10,0x11,0x10,0x11,0x10,0x1F,0x10,0x11,0x10,0x00,0x10,0x00,0x10,0x00,0x50,0x00,0x20,0x00,0x00},  /* 可 U+53EF */
    {0xE5,0x8F,0xB2,0x00,0x01,0x00,0x01,0x00,0x01,0x00,0x3F,0xF8,0x21,0x08,0x21,0x08,0x21,0x08,0x3F,0xF8,0x21,0x08,0x01,0x00,0x11,0x00,0x09,0x00,0x06,0x00,0x05,0x80,0x18,0x70,0xE0,0x0E},  /* 史 U+53F2 */
    {0xE5,0x8F,0xB3,0x00,0x02,0x00,0x02,0x00,0x02,0x00,0xFF,0xFE,0x04,0x00,0x04,0x00,0x08,0x00,0x08,0x00,0x1F,0xF8,0x28,0x08,0x48,0x08,0x88,0x08,0x08,0x08,0x08,0x08,0x0F,0xF8,0x08,0x08},  /* 右 U+53F3 */
    {0xE5,0x8F,0xB6,0x00,0x00,0x20,0x00,0x20,0x78,0x20,0x48,0x20,0x48,0x20,0x48,0x20,0x4B,0xFE,0x48,0x20,0x48,0x20,0x48,0x20,0x78,0x20,0x48,0x20,0x00,0x20,0x00,0x20,0x00,0x20,0x00,0x20},  /* 叶 U+53F6 */
    {0xE5,0x8F,0xB7,0x00,0x1F,0xF0,0x10,0x10,0x10,0x10,0x10,0x10,0x1F,0xF0,0x00,0x00,0xFF,0xFE,0x08,0x00,0x10,0x00,0x1F,0xF0,0x00,0x10,0x00,0x10,0x00,0x10,0x00,0xA0,0x00,0x40,0x00,0x00},  /* 号 U+53F7 */
    {0xE5,0x90,0x84,0x00,0x04,0x00,0x04,0x00,0x0F,0xE0,0x08,0x20,0x14,0x40,0x22,0x80,0x41,0x00,0x06,0xC0,0x18,0x30,0xE0,0x0E,0x1F,0xF0,0x10,0x10,0x10,0x10,0x10,0x10,0x1F,0xF0,0x10,0x10},  /* 各 U+5404 */
    {0xE5,0x90,0x88,0x00,0x01,0x00,0x01,0x00,0x02,0x80,0x04,0x40,0x08,0x20,0x30,0x18,0xCF,0xE6,0x00,0x00,0x00,0x00,0x1F,0xF0,0x10,0x10,0x10,0x10,0x10,0x10,0x10,0x10,0x1F,0xF0,0x10,0x10},  /* 合 U+5408 */
    {0xE5,0x90,0x8C,0x00,0x3F,0xFC,0x20,0x04,0x20,0x04,0x2F,0xF4,0x20,0x04,0x20,0x04,0x27,0xE4,0x24,0x24,0x24,0x24,0x24,0x24,0x27,0xE4,0x24,0x24,0x20,0x04,0x20,0x14,0x20,0x08,0x00,0x00},  /* 同 U+540C */
    {0xE5,0x90,0x8D,0x00,0x02,0x00,0x02,0x00,0x07,0xF0,0x08,0x10,0x14,0x20,0x62,0x40,0x02,0x80,0x01,0x00,0x06,0x00,0x1F,0xF8,0xE8,0x08,0x08,0x08,0x08,0x08,0x08,0x08,0x0F,0xF8,0x08,0x08},  /* 名 U+540D */
    {0xE5,0x90,0x8E,0x00,0x00,0x10,0x00,0xF8,0x1F,0x00,0x10,0x00,0x10,0x00,0x1F,0xFE,0x10,0x00,0x10,0x00,0x10,0x00,0x17,0xF8,0x14,0x08,0x24,0x08,0x24,0x08,0x44,0x08,0x87,0xF8,0x04,0x08},  /* 后 U+540E */
    {0xE5,0x90,0x91,0x00,0x02,0x00,0x04,0x00,0x08,0x00,0x7F,0xFC,0x40,0x04,0x40,0x04,0x47,0xC4,0x44,0x44,0x44,0x44,0x44,0x44,0x44,0x44,0x47,0xC4,0x44,0x44,0x40,0x04,0x40,0x14,0x40,0x08},  /* 向 U+5411 */
    {0xE5,0x90,0x9E,0x00,0x3F,0xF8,0x01,0x00,0x01,0x00,0xFF,0xFE,0x02,0x80,0x04,0x40,0x08,0x20,0x30,0x18,0xDF,0xF6,0x10,0x10,0x10,0x10,0x10,0x10,0x10,0x10,0x1F,0xF0,0x10,0x10,0x00,0x00},  /* 吞 U+541E */
    {0xE5,0x90,0xA6,0x00,0x7F,0xFC,0x00,0x80,0x01,0x00,0x03,0x00,0x05,0x60,0x09,0x18,0x31,0x04,0xC1,0x02,0x00,0x00,0x1F,0xF0,0x10,0x10,0x10,0x10,0x10,0x10,0x1F,0xF0,0x10,0x10,0x00,0x00},  /* 否 U+5426 */
    {0xE5,0x90,0xAB,0x00,0x01,0x00,0x01,0x00,0x02,0x80,0x04,0x40,0x0A,0x20,0x31,0x18,0xC1,0x06,0x0F,0xE0,0x00,0x40,0x00,0x80,0x1F,0xF0,0x10,0x10,0x10,0x10,0x10,0x10,0x1F,0xF0,0x10,0x10},  /* 含 U+542B */
    {0xE5,0x90,0xAF,0x00,0x01,0x00,0x00,0x80,0x1F,0xFC,0x10,0x04,0x10,0x04,0x10,0x04,0x1F,0xFC,0x10,0x00,0x10,0x00,0x10,0x00,0x17,0xFC,0x24,0x04,0x24,0x04,0x44,0x04,0x87,0xFC,0x04,0x04},  /* 启 U+542F */
    {0xE5,0x90,0xBB,0x00,0x01,0x00,0x01,0x00,0x79,0x00,0x49,0xFC,0x4A,0xA4,0x4C,0xA4,0x48,0xA4,0x49,0x24,0x49,0x24,0x4A,0x44,0x7C,0x44,0x48,0x84,0x01,0x04,0x02,0x04,0x04,0x28,0x00,0x10},  /* 吻 U+543B */
    {0xE5,0x91,0x8A,0x00,0x01,0x00,0x11,0x00,0x11,0x00,0x1F,0xF8,0x21,0x00,0x41,0x00,0x01,0x00,0xFF,0xFE,0x00,0x00,0x00,0x00,0x1F,0xF0,0x10,0x10,0x10,0x10,0x10,0x10,0x1F,0xF0,0x10,0x10},  /* 告 U+544A */
    {0xE5,0x91,0x98,0x00,0x1F,0xF0,0x10,0x10,0x10,0x10,0x1F,0xF0,0x00,0x00,0x3F,0xF8,0x20,0x08,0x21,0x08,0x21,0x08,0x21,0x08,0x21,0x08,0x22,0xC8,0x04,0x30,0x18,0x08,0x60,0x04,0x00,0x00},  /* 员 U+5458 */
    {0xE5,0x91,0xA8,0x00,0x3F,0xF8,0x21,0x08,0x21,0x08,0x2F,0xE8,0x21,0x08,0x21,0x08,0x3F,0xF8,0x20,0x08,0x27,0xC8,0x24,0x48,0x24,0x48,0x27,0xC8,0x40,0x08,0x40,0x28,0x80,0x10,0x00,0x00},  /* 周 U+5468 */
    {0xE5,0x91,0xBD,0x00,0x01,0x00,0x01,0x00,0x02,0x80,0x04,0x40,0x08,0x20,0x37,0xD8,0xC0,0x06,0x00,0x00,0x3E,0xF8,0x22,0x88,0x22,0x88,0x22,0x88,0x3E,0xA8,0x22,0x90,0x00,0x80,0x00,0x80},  /* 命 U+547D */
    {0xE5,0x92,0x8C,0x00,0x04,0x00,0x0E,0x00,0x78,0x00,0x08,0x7C,0x08,0x44,0xFF,0x44,0x08,0x44,0x18,0x44,0x1C,0x44,0x2A,0x44,0x2A,0x44,0x48,0x44,0x88,0x7C,0x08,0x44,0x08,0x00,0x08,0x00},  /* 和 U+548C */
    {0xE5,0x93,0x88,0x00,0x00,0x40,0x00,0x40,0x00,0xA0,0xF8,0xA0,0x89,0x10,0x8A,0x08,0x8C,0x06,0x89,0xF4,0x88,0x00,0x88,0x00,0x8B,0xF8,0xFA,0x08,0x8A,0x08,0x02,0x08,0x03,0xF8,0x02,0x08},  /* 哈 U+54C8 */
    {0xE5,0x93,0x8D,0x00,0x00,0x40,0x00,0x40,0x78,0x80,0x4B,0xFC,0x4A,0x04,0x4A,0x04,0x4A,0xF4,0x4A,0x94,0x4A,0x94,0x4A,0x94,0x7A,0x94,0x4A,0xF4,0x02,0x04,0x02,0x04,0x02,0x14,0x02,0x08},  /* 响 U+54CD */
    {0xE5,0x93,0xA8,0x00,0x00,0x20,0x01,0x24,0x78,0xA4,0x48,0xA8,0x48,0x20,0x49,0xFC,0x49,0x04,0x49,0x04,0x49,0xFC,0x49,0x04,0x79,0x04,0x49,0xFC,0x01,0x04,0x01,0x04,0x01,0x14,0x01,0x08},  /* 哨 U+54E8 */
    {0xE5,0x93,0xAA,0x00,0x0F,0xDE,0x72,0x52,0x52,0x52,0x52,0x54,0x57,0xD4,0x52,0x58,0x52,0x54,0x52,0x52,0x5F,0xD2,0x72,0x52,0x52,0x5A,0x02,0x54,0x04,0x50,0x05,0x50,0x08,0x90,0x00,0x00},  /* 哪 U+54EA */
    {0xE5,0x94,0xAF,0x00,0x00,0xA0,0x00,0x90,0x78,0x80,0x49,0xFE,0x49,0x10,0x4B,0x10,0x4D,0xFC,0x49,0x10,0x49,0x10,0x49,0xFC,0x79,0x10,0x49,0x10,0x01,0x10,0x01,0xFE,0x01,0x00,0x01,0x00},  /* 唯 U+552F */
    {0xE5,0x96,0x84,0x00,0x08,0x20,0x04,0x40,0x7F,0xFC,0x01,0x00,0x3F,0xF8,0x01,0x00,0x7F,0xFC,0x11,0x10,0x09,0x20,0xFF,0xFE,0x00,0x00,0x1F,0xF0,0x10,0x10,0x10,0x10,0x1F,0xF0,0x10,0x10},  /* 善 U+5584 */
    {0xE5,0x99,0xA8,0x00,0x3E,0x7C,0x22,0x44,0x22,0x44,0x3E,0x7C,0x01,0x20,0x01,0x10,0xFF,0xFE,0x02,0x80,0x0C,0x60,0x30,0x18,0xC0,0x06,0x3E,0x7C,0x22,0x44,0x22,0x44,0x3E,0x7C,0x00,0x00},  /* 器 U+5668 */
    {0xE5,0x9B,0x9E,0x00,0x00,0x00,0x3F,0xFC,0x20,0x04,0x20,0x04,0x27,0xE4,0x24,0x24,0x24,0x24,0x24,0x24,0x24,0x24,0x24,0x24,0x27,0xE4,0x20,0x04,0x20,0x04,0x3F,0xFC,0x20,0x04,0x00,0x00},  /* 回 U+56DE */
    {0xE5,0x9B,0xA0,0x00,0x7F,0xFC,0x40,0x04,0x41,0x04,0x41,0x04,0x41,0x04,0x5F,0xF4,0x41,0x04,0x42,0x84,0x42,0x44,0x44,0x24,0x48,0x14,0x50,0x14,0x40,0x04,0x7F,0xFC,0x40,0x04,0x00,0x00},  /* 因 U+56E0 */
    {0xE5,0x9B,0xB4,0x00,0x7F,0xFC,0x41,0x04,0x41,0x04,0x5F,0xF4,0x41,0x04,0x4F,0xE4,0x41,0x04,0x5F,0xF4,0x41,0x14,0x41,0x14,0x41,0x54,0x41,0x24,0x41,0x04,0x7F,0xFC,0x40,0x04,0x00,0x00},  /* 围 U+56F4 */
    {0xE5,0x9B,0xBA,0x00,0x7F,0xFC,0x41,0x04,0x41,0x04,0x5F,0xF4,0x41,0x04,0x41,0x04,0x4F,0xE4,0x48,0x24,0x48,0x24,0x48,0x24,0x4F,0xE4,0x48,0x24,0x40,0x04,0x7F,0xFC,0x40,0x04,0x00,0x00},  /* 固 U+56FA */
    {0xE5,0x9B,0xBE,0x00,0x7F,0xFC,0x42,0x04,0x42,0x04,0x47,0xE4,0x4C,0x44,0x52,0x84,0x41,0x04,0x46,0xC4,0x78,0x3C,0x43,0x04,0x40,0x84,0x46,0x04,0x41,0x84,0x7F,0xFC,0x40,0x04,0x00,0x00},  /* 图 U+56FE */
    {0xE5,0x9C,0xA8,0x00,0x02,0x00,0x02,0x00,0x04,0x00,0xFF,0xFE,0x08,0x00,0x08,0x40,0x10,0x40,0x30,0x40,0x57,0xFC,0x90,0x40,0x10,0x40,0x10,0x40,0x10,0x40,0x10,0x40,0x1F,0xFE,0x10,0x00},  /* 在 U+5728 */
    {0xE5,0x9C,0xB0,0x00,0x10,0x20,0x10,0x20,0x10,0x20,0x11,0x20,0x11,0x2C,0xFD,0x34,0x11,0x64,0x13,0xA4,0x11,0x24,0x11,0x34,0x11,0x28,0x1D,0x22,0xE1,0x22,0x41,0x02,0x00,0xFE,0x00,0x00},  /* 地 U+5730 */
    {0xE5,0x9C,0xBA,0x00,0x20,0x00,0x23,0xF0,0x20,0x20,0x20,0x40,0x20,0x80,0xF9,0x00,0x23,0xFC,0x21,0x24,0x21,0x24,0x21,0x24,0x22,0x24,0x3A,0x44,0xE4,0x44,0x48,0x84,0x01,0x28,0x02,0x10},  /* 场 U+573A */
    {0xE5,0x9C,0xBE,0x00,0x10,0x00,0x17,0xF8,0x11,0x08,0x11,0x10,0x11,0x10,0xFD,0x20,0x11,0x3C,0x11,0x04,0x11,0x04,0x12,0x88,0x1E,0x88,0xE2,0x50,0x44,0x20,0x04,0x50,0x08,0x88,0x03,0x06},  /* 圾 U+573E */
    {0xE5,0x9D,0x80,0x00,0x10,0x20,0x10,0x20,0x10,0x20,0x11,0x20,0x11,0x20,0xFD,0x20,0x11,0x3C,0x11,0x20,0x11,0x20,0x11,0x20,0x11,0x20,0x1D,0x20,0xE1,0x20,0x41,0x20,0x07,0xFE,0x00,0x00},  /* 址 U+5740 */
    {0xE5,0x9D,0x87,0x00,0x10,0x40,0x10,0x40,0x10,0x80,0x10,0xFC,0x11,0x04,0xFE,0x04,0x10,0x84,0x10,0x44,0x10,0x44,0x10,0x14,0x10,0x24,0x1C,0x44,0xE1,0x84,0x40,0x04,0x00,0x28,0x00,0x10},  /* 均 U+5747 */
    {0xE5,0x9D,0x8F,0x00,0x10,0x00,0x10,0x00,0x13,0xFE,0x10,0x10,0x10,0x10,0xFC,0x20,0x10,0x20,0x10,0x68,0x10,0x64,0x10,0xA4,0x1D,0x22,0xE2,0x22,0x44,0x20,0x00,0x20,0x00,0x20,0x00,0x20},  /* 坏 U+574F */
    {0xE5,0x9D,0x90,0x00,0x01,0x00,0x11,0x10,0x11,0x10,0x11,0x10,0x11,0x10,0x29,0x28,0x25,0x24,0x45,0x44,0x81,0x00,0x01,0x00,0x3F,0xF8,0x01,0x00,0x01,0x00,0x01,0x00,0xFF,0xFE,0x00,0x00},  /* 坐 U+5750 */
    {0xE5,0x9D,0x97,0x00,0x10,0x40,0x10,0x40,0x10,0x40,0x13,0xFC,0x10,0x44,0xFC,0x44,0x10,0x44,0x10,0x44,0x13,0xFE,0x10,0x40,0x10,0xA0,0x1C,0xA0,0xE1,0x10,0x42,0x08,0x04,0x04,0x08,0x02},  /* 块 U+5757 */
    {0xE5,0x9E,0x82,0x00,0x00,0x10,0x00,0xF8,0x3F,0x00,0x01,0x00,0x01,0x00,0x7F,0xFC,0x09,0x20,0x09,0x20,0xFF,0xFE,0x09,0x20,0x09,0x20,0x7F,0xFC,0x01,0x00,0x01,0x00,0x3F,0xF8,0x00,0x00},  /* 垂 U+5782 */
    {0xE5,0x9E,0x83,0x00,0x10,0x80,0x10,0x40,0x10,0x40,0x10,0x00,0x13,0xFC,0xFC,0x00,0x10,0x08,0x11,0x08,0x11,0x08,0x10,0x90,0x10,0x90,0x1C,0x90,0xE0,0xA0,0x40,0x20,0x07,0xFE,0x00,0x00},  /* 垃 U+5783 */
    {0xE5,0x9E,0x8B,0x00,0x00,0x04,0x7F,0x84,0x12,0x24,0x12,0x24,0x12,0x24,0xFF,0xA4,0x12,0x24,0x22,0x04,0x22,0x14,0x41,0x08,0x81,0x00,0x3F,0xF8,0x01,0x00,0x01,0x00,0xFF,0xFE,0x00,0x00},  /* 型 U+578B */
    {0xE5,0x9F,0x9F,0x00,0x20,0x14,0x20,0x12,0x20,0x10,0x27,0xFE,0x20,0x10,0xF8,0x10,0x23,0xD2,0x22,0x52,0x22,0x52,0x22,0x54,0x23,0xD4,0x38,0x08,0xE0,0xEA,0x47,0x1A,0x02,0x26,0x00,0x42},  /* 域 U+57DF */
    {0xE5,0x9F,0xBA,0x00,0x08,0x20,0x08,0x20,0x7F,0xFC,0x08,0x20,0x0F,0xE0,0x08,0x20,0x0F,0xE0,0x08,0x20,0xFF,0xFE,0x08,0x20,0x11,0x10,0x21,0x08,0xCF,0xE6,0x01,0x00,0x01,0x00,0x3F,0xF8},  /* 基 U+57FA */
    {0xE5,0xA1,0x9E,0x00,0x02,0x00,0x01,0x00,0x7F,0xFE,0x44,0x42,0x9F,0xF4,0x04,0x40,0x3F,0xF8,0x04,0x40,0xFF,0xFE,0x08,0x20,0x11,0x10,0x21,0x08,0xDF,0xF6,0x01,0x00,0x01,0x00,0x7F,0xFC},  /* 塞 U+585E */
    {0xE5,0xA1,0xAB,0x00,0x20,0x40,0x20,0x40,0x27,0xFC,0x20,0x40,0x23,0xF8,0xFA,0x08,0x23,0xF8,0x22,0x08,0x23,0xF8,0x22,0x08,0x23,0xF8,0x3A,0x08,0xEF,0xFE,0x41,0x10,0x02,0x08,0x04,0x04},  /* 填 U+586B */
    {0xE5,0xA2,0x83,0x00,0x20,0x80,0x20,0x40,0x23,0xF8,0x21,0x10,0xF8,0xA0,0x27,0xFE,0x20,0x00,0x23,0xF8,0x22,0x08,0x23,0xF8,0x22,0x08,0x3B,0xF8,0xE1,0x20,0x41,0x22,0x02,0x22,0x0C,0x1E},  /* 境 U+5883 */
    {0xE5,0xA2,0x9E,0x00,0x22,0x08,0x21,0x10,0x20,0x00,0x27,0xFC,0x24,0x44,0xFD,0x54,0x24,0xE4,0x24,0x44,0x27,0xFC,0x20,0x00,0x23,0xF8,0x3A,0x08,0xE3,0xF8,0x42,0x08,0x03,0xF8,0x02,0x08},  /* 增 U+589E */
    {0xE5,0xA3,0xB0,0x00,0x01,0x00,0x01,0x00,0xFF,0xFE,0x01,0x00,0x7F,0xFC,0x00,0x00,0x3F,0xF8,0x21,0x08,0x21,0x08,0x3F,0xF8,0x20,0x00,0x20,0x00,0x20,0x00,0x40,0x00,0x40,0x00,0x80,0x00},  /* 声 U+58F0 */
    {0xE5,0xA4,0x84,0x00,0x10,0x40,0x10,0x40,0x10,0x40,0x1E,0x40,0x12,0x60,0x22,0x50,0x22,0x48,0x52,0x44,0x94,0x44,0x14,0x40,0x08,0x40,0x08,0x40,0x14,0x40,0x23,0x00,0x40,0xFE,0x80,0x00},  /* 处 U+5904 */
    {0xE5,0xA4,0x87,0x00,0x04,0x00,0x04,0x00,0x0F,0xF0,0x18,0x20,0x64,0x40,0x03,0x80,0x1C,0x70,0xE0,0x0E,0x1F,0xF0,0x11,0x10,0x11,0x10,0x1F,0xF0,0x11,0x10,0x11,0x10,0x1F,0xF0,0x10,0x10},  /* 备 U+5907 */
    {0xE5,0xA4,0x8D,0x00,0x10,0x00,0x10,0x00,0x1F,0xFC,0x20,0x00,0x5F,0xF0,0x90,0x10,0x1F,0xF0,0x10,0x10,0x1F,0xF0,0x04,0x00,0x0F,0xF0,0x18,0x20,0x64,0x40,0x03,0x80,0x1C,0x70,0xE0,0x0E},  /* 复 U+590D */
    {0xE5,0xA4,0x96,0x00,0x10,0x40,0x10,0x40,0x10,0x40,0x10,0x40,0x3E,0x40,0x22,0x60,0x42,0x50,0x42,0x48,0xA4,0x44,0x14,0x44,0x08,0x40,0x08,0x40,0x10,0x40,0x20,0x40,0x40,0x40,0x80,0x40},  /* 外 U+5916 */
    {0xE5,0xA4,0x9A,0x00,0x02,0x00,0x02,0x00,0x07,0xF0,0x08,0x20,0x38,0x40,0x04,0x80,0x03,0x40,0x0C,0x80,0x71,0xF8,0x02,0x08,0x0C,0x10,0x32,0x20,0x01,0x40,0x01,0x80,0x0E,0x00,0x70,0x00},  /* 多 U+591A */
    {0xE5,0xA4,0x9F,0x00,0x20,0x20,0x20,0x20,0x40,0x7C,0x7E,0x44,0x82,0xA8,0x02,0x10,0x7A,0x20,0x4A,0xD0,0x4A,0x1E,0x4A,0x22,0x7A,0x64,0x4A,0x94,0x02,0x08,0x02,0x10,0x14,0x20,0x08,0xC0},  /* 够 U+591F */
    {0xE5,0xA4,0xA7,0x00,0x01,0x00,0x01,0x00,0x01,0x00,0x01,0x00,0x01,0x00,0xFF,0xFE,0x01,0x00,0x01,0x00,0x02,0x80,0x02,0x80,0x04,0x40,0x04,0x40,0x08,0x20,0x10,0x10,0x20,0x08,0xC0,0x06},  /* 大 U+5927 */
    {0xE5,0xA4,0xB1,0x00,0x01,0x00,0x11,0x00,0x11,0x00,0x11,0x00,0x1F,0xF8,0x21,0x00,0x41,0x00,0x01,0x00,0xFF,0xFE,0x01,0x00,0x02,0x80,0x02,0x80,0x04,0x40,0x08,0x20,0x10,0x10,0x60,0x0C},  /* 失 U+5931 */
    {0xE5,0xA4,0xB4,0x00,0x00,0x80,0x00,0x80,0x08,0x80,0x04,0x80,0x24,0x80,0x10,0x80,0x10,0x80,0x00,0x80,0xFF,0xFE,0x01,0x00,0x01,0x40,0x02,0x20,0x04,0x10,0x08,0x08,0x30,0x04,0xC0,0x04},  /* 头 U+5934 */
    {0xE5,0xA4,0xB9,0x00,0x01,0x00,0x01,0x00,0x01,0x00,0x7F,0xFC,0x01,0x00,0x11,0x10,0x09,0x20,0x01,0x00,0xFF,0xFE,0x01,0x00,0x02,0x80,0x02,0x80,0x04,0x40,0x08,0x20,0x30,0x18,0xC0,0x06},  /* 夹 U+5939 */
    {0xE5,0xA5,0xBD,0x00,0x10,0x00,0x10,0xFC,0x10,0x04,0x10,0x08,0xFC,0x10,0x24,0x20,0x24,0x20,0x25,0xFE,0x24,0x20,0x48,0x20,0x28,0x20,0x10,0x20,0x28,0x20,0x44,0x20,0x84,0xA0,0x00,0x40},  /* 好 U+597D */
    {0xE5,0xA6,0x82,0x00,0x10,0x00,0x10,0x00,0x10,0x00,0x10,0x7C,0xFE,0x44,0x22,0x44,0x22,0x44,0x22,0x44,0x42,0x44,0x24,0x44,0x14,0x44,0x08,0x44,0x14,0x44,0x22,0x7C,0x42,0x44,0x80,0x00},  /* 如 U+5982 */
    {0xE5,0xA7,0x8B,0x00,0x10,0x20,0x10,0x20,0x10,0x20,0x10,0x40,0xFC,0x48,0x24,0x84,0x25,0xFE,0x24,0x82,0x24,0x00,0x48,0xFC,0x28,0x84,0x10,0x84,0x28,0x84,0x44,0x84,0x80,0xFC,0x00,0x84},  /* 始 U+59CB */
    {0xE5,0xAD,0x90,0x00,0x7F,0xF8,0x00,0x10,0x00,0x20,0x00,0x40,0x01,0x80,0x01,0x00,0xFF,0xFE,0x01,0x00,0x01,0x00,0x01,0x00,0x01,0x00,0x01,0x00,0x01,0x00,0x05,0x00,0x02,0x00,0x00,0x00},  /* 子 U+5B50 */
    {0xE5,0xAD,0x97,0x00,0x02,0x00,0x01,0x00,0x7F,0xFE,0x40,0x02,0x80,0x04,0x1F,0xE0,0x00,0x40,0x00,0x80,0x01,0x00,0xFF,0xFE,0x01,0x00,0x01,0x00,0x01,0x00,0x01,0x00,0x05,0x00,0x02,0x00},  /* 字 U+5B57 */
    {0xE5,0xAD,0x98,0x00,0x04,0x00,0x04,0x00,0xFF,0xFE,0x08,0x00,0x08,0x00,0x13,0xF8,0x10,0x10,0x30,0x20,0x50,0x40,0x97,0xFE,0x10,0x40,0x10,0x40,0x10,0x40,0x10,0x40,0x11,0x40,0x10,0x80},  /* 存 U+5B58 */
    {0xE5,0xAE,0x83,0x00,0x02,0x00,0x01,0x00,0x7F,0xFE,0x40,0x02,0x80,0x04,0x08,0x00,0x08,0x08,0x08,0x30,0x09,0xC0,0x0E,0x00,0x08,0x00,0x08,0x04,0x08,0x04,0x08,0x04,0x07,0xFC,0x00,0x00},  /* 它 U+5B83 */
    {0xE5,0xAE,0x88,0x00,0x02,0x00,0x01,0x00,0x7F,0xFE,0x40,0x02,0x80,0x44,0x00,0x40,0x00,0x40,0xFF,0xFE,0x00,0x40,0x00,0x40,0x10,0x40,0x08,0x40,0x08,0x40,0x00,0x40,0x01,0x40,0x00,0x80},  /* 守 U+5B88 */
    {0xE5,0xAE,0x89,0x00,0x02,0x00,0x01,0x00,0x3F,0xFC,0x20,0x04,0x42,0x08,0x02,0x00,0x02,0x00,0xFF,0xFE,0x04,0x20,0x08,0x20,0x18,0x40,0x06,0x40,0x01,0x80,0x02,0x60,0x0C,0x10,0x70,0x08},  /* 安 U+5B89 */
    {0xE5,0xAE,0x8C,0x00,0x02,0x00,0x01,0x00,0x7F,0xFE,0x40,0x02,0x80,0x04,0x1F,0xF0,0x00,0x00,0x00,0x00,0x7F,0xFC,0x04,0x40,0x04,0x40,0x04,0x40,0x08,0x44,0x08,0x44,0x10,0x44,0x60,0x3C},  /* 完 U+5B8C */
    {0xE5,0xAE,0x8F,0x00,0x02,0x00,0x01,0x00,0x7F,0xFE,0x40,0x02,0x82,0x04,0x02,0x00,0x7F,0xFC,0x04,0x00,0x04,0x80,0x08,0x80,0x09,0x00,0x11,0x00,0x22,0x20,0x44,0x10,0x8F,0xF8,0x04,0x08},  /* 宏 U+5B8F */
    {0xE5,0xAE,0x9A,0x00,0x02,0x00,0x01,0x00,0x7F,0xFE,0x40,0x02,0x80,0x04,0x00,0x00,0x3F,0xF8,0x01,0x00,0x01,0x00,0x11,0x00,0x11,0xF8,0x11,0x00,0x11,0x00,0x29,0x00,0x47,0xFE,0x80,0x00},  /* 定 U+5B9A */
    {0xE5,0xAE,0x9E,0x00,0x02,0x00,0x01,0x00,0x7F,0xFE,0x40,0x02,0x88,0x84,0x04,0x80,0x04,0x80,0x10,0x80,0x08,0x80,0x08,0x80,0xFF,0xFE,0x01,0x40,0x02,0x20,0x04,0x10,0x18,0x08,0x60,0x04},  /* 实 U+5B9E */
    {0xE5,0xAE,0xB6,0x00,0x02,0x00,0x01,0x00,0x7F,0xFE,0x40,0x02,0x80,0x04,0x7F,0xFC,0x02,0x00,0x0D,0x08,0x71,0x90,0x02,0xA0,0x0C,0xC0,0x71,0xA0,0x06,0x98,0x18,0x86,0xE2,0x80,0x01,0x00},  /* 家 U+5BB6 */
    {0xE5,0xAE,0xB9,0x00,0x02,0x00,0x01,0x00,0x7F,0xFE,0x40,0x02,0x88,0x24,0x11,0x10,0x22,0x88,0x04,0x40,0x08,0x20,0x30,0x18,0xDF,0xF6,0x10,0x10,0x10,0x10,0x10,0x10,0x1F,0xF0,0x10,0x10},  /* 容 U+5BB9 */
    {0xE5,0xAE,0xBD,0x00,0x02,0x00,0x01,0x00,0x7F,0xFE,0x40,0x02,0x84,0x44,0x3F,0xF8,0x04,0x40,0x00,0x00,0x1F,0xF0,0x10,0x10,0x11,0x10,0x11,0x10,0x12,0x90,0x04,0x82,0x18,0x82,0xE0,0x7E},  /* 宽 U+5BBD */
    {0xE5,0xAF,0x84,0x00,0x02,0x00,0x01,0x00,0x7F,0xFE,0x42,0x02,0x82,0x04,0x3F,0xF8,0x04,0x80,0x08,0x40,0xFF,0xFE,0x00,0x10,0x1F,0x90,0x10,0x90,0x10,0x90,0x1F,0x90,0x00,0x50,0x00,0x20},  /* 寄 U+5BC4 */
    {0xE5,0xAF,0x86,0x00,0x02,0x00,0x01,0x00,0x7F,0xFE,0x40,0x02,0x82,0x24,0x09,0x40,0x28,0x88,0x4B,0x14,0x1C,0x10,0xE7,0xF0,0x01,0x00,0x21,0x08,0x21,0x08,0x21,0x08,0x3F,0xF8,0x00,0x08},  /* 密 U+5BC6 */
    {0xE5,0xAF,0xB9,0x00,0x00,0x10,0x00,0x10,0x00,0x10,0x7E,0x10,0x02,0xFE,0x02,0x10,0x24,0x10,0x14,0x90,0x08,0x50,0x08,0x50,0x14,0x10,0x12,0x10,0x22,0x10,0x40,0x10,0x00,0x50,0x00,0x20},  /* 对 U+5BF9 */
    {0xE5,0xAF,0xBB,0x00,0x3F,0xF8,0x00,0x08,0x00,0x08,0x1F,0xF8,0x00,0x08,0x00,0x08,0x3F,0xF8,0x00,0x20,0x00,0x20,0xFF,0xFE,0x08,0x20,0x04,0x20,0x04,0x20,0x00,0xA0,0x00,0x40,0x00,0x00},  /* 寻 U+5BFB */
    {0xE5,0xAF,0xBC,0x00,0x3F,0xF0,0x20,0x10,0x20,0x10,0x3F,0xF0,0x20,0x04,0x20,0x04,0x1F,0xFC,0x00,0x20,0x00,0x20,0xFF,0xFE,0x08,0x20,0x04,0x20,0x04,0x20,0x00,0xA0,0x00,0x40,0x00,0x00},  /* 导 U+5BFC */
    {0xE5,0xB0,0x81,0x00,0x08,0x08,0x08,0x08,0x08,0x08,0x7F,0x08,0x08,0x7E,0x08,0x08,0xFF,0x08,0x00,0x48,0x08,0x28,0x08,0x28,0x7F,0x08,0x08,0x08,0x08,0x08,0x0F,0x08,0xF0,0x28,0x40,0x10},  /* 封 U+5C01 */
    {0xE5,0xB0,0x84,0x00,0x08,0x08,0x10,0x08,0x3E,0x08,0x22,0x08,0x3E,0xFE,0x22,0x08,0x3E,0x08,0x22,0x08,0x22,0x48,0xFE,0x28,0x06,0x28,0x0A,0x08,0x12,0x08,0x22,0x08,0x4A,0x28,0x04,0x10},  /* 射 U+5C04 */
    {0xE5,0xB0,0x86,0x00,0x08,0x80,0x08,0xF8,0x09,0x08,0x4A,0x10,0x28,0xA0,0x28,0x40,0x08,0x90,0x0B,0x10,0x18,0x10,0x2B,0xFE,0xC8,0x10,0x09,0x10,0x08,0x90,0x08,0x10,0x08,0x50,0x08,0x20},  /* 将 U+5C06 */
    {0xE5,0xB0,0x8F,0x00,0x01,0x00,0x01,0x00,0x01,0x00,0x01,0x00,0x01,0x00,0x11,0x10,0x11,0x08,0x11,0x04,0x21,0x04,0x21,0x02,0x41,0x02,0x81,0x02,0x01,0x00,0x01,0x00,0x05,0x00,0x02,0x00},  /* 小 U+5C0F */
    {0xE5,0xB0,0x91,0x00,0x01,0x00,0x01,0x00,0x01,0x00,0x09,0x20,0x09,0x10,0x11,0x08,0x11,0x04,0x21,0x14,0x41,0x10,0x01,0x20,0x00,0x40,0x00,0x80,0x01,0x00,0x02,0x00,0x0C,0x00,0x70,0x00},  /* 少 U+5C11 */
    {0xE5,0xB0,0x9A,0x00,0x01,0x00,0x21,0x08,0x11,0x10,0x09,0x20,0x01,0x00,0x3F,0xF8,0x20,0x08,0x20,0x08,0x27,0xC8,0x24,0x48,0x24,0x48,0x24,0x48,0x27,0xC8,0x20,0x08,0x20,0x28,0x20,0x10},  /* 尚 U+5C1A */
    {0xE5,0xB0,0x9D,0x00,0x01,0x00,0x11,0x10,0x09,0x20,0x01,0x00,0x7F,0xFE,0x40,0x02,0x80,0x04,0x1F,0xF0,0x00,0x00,0x00,0x00,0x7F,0xFC,0x04,0x00,0x08,0x20,0x10,0x10,0x3F,0xF8,0x10,0x08},  /* 尝 U+5C1D */
    {0xE5,0xB0,0xB1,0x00,0x20,0x40,0x10,0x50,0xFE,0x48,0x00,0x48,0x00,0x40,0x7D,0xFE,0x44,0x50,0x44,0x50,0x44,0x50,0x7C,0x50,0x10,0x90,0x54,0x90,0x92,0x92,0x11,0x12,0x51,0x0E,0x22,0x00},  /* 就 U+5C31 */
    {0xE5,0xB0,0xBD,0x00,0x1F,0xF8,0x10,0x08,0x10,0x08,0x10,0x08,0x1F,0xF8,0x10,0x48,0x10,0x40,0x10,0x20,0x23,0x10,0x20,0x88,0x40,0x06,0x8C,0x00,0x03,0x00,0x00,0x80,0x00,0x40,0x00,0x00},  /* 尽 U+5C3D */
    {0xE5,0xB0,0xBE,0x00,0x3F,0xFC,0x20,0x04,0x20,0x04,0x3F,0xFC,0x20,0x00,0x20,0xF0,0x2F,0x00,0x21,0x00,0x21,0xF0,0x2F,0x00,0x21,0x00,0x21,0xF8,0x5F,0x02,0x41,0x02,0x80,0xFE,0x00,0x00},  /* 尾 U+5C3E */
    {0xE5,0xB1,0x80,0x00,0x3F,0xF8,0x20,0x08,0x20,0x08,0x3F,0xF8,0x20,0x00,0x20,0x00,0x3F,0xFC,0x20,0x04,0x27,0xE4,0x24,0x24,0x24,0x24,0x47,0xE4,0x40,0x04,0x80,0x28,0x00,0x10,0x00,0x00},  /* 局 U+5C40 */
    {0xE5,0xB1,0x85,0x00,0x3F,0xF8,0x20,0x08,0x20,0x08,0x3F,0xF8,0x20,0x80,0x20,0x80,0x3F,0xFE,0x20,0x80,0x20,0x80,0x2F,0xF8,0x28,0x08,0x48,0x08,0x48,0x08,0x8F,0xF8,0x08,0x08,0x00,0x00},  /* 居 U+5C45 */
    {0xE5,0xB1,0x8F,0x00,0x3F,0xF8,0x20,0x08,0x20,0x08,0x3F,0xF8,0x24,0x10,0x22,0x20,0x2F,0xF8,0x22,0x20,0x22,0x20,0x3F,0xFC,0x22,0x20,0x42,0x20,0x44,0x20,0x84,0x20,0x08,0x20,0x00,0x00},  /* 屏 U+5C4F */
    {0xE5,0xB1,0x95,0x00,0x3F,0xFC,0x20,0x04,0x20,0x04,0x3F,0xFC,0x22,0x20,0x22,0x20,0x3F,0xFC,0x22,0x20,0x22,0x20,0x3F,0xFC,0x24,0x40,0x24,0x44,0x24,0x28,0x45,0x10,0x46,0x08,0x84,0x06},  /* 展 U+5C55 */
    {0xE5,0xB1,0x9E,0x00,0x3F,0xFC,0x20,0x04,0x3F,0xFC,0x20,0x00,0x2F,0xF8,0x20,0x80,0x2F,0xF8,0x28,0x88,0x2F,0xF8,0x20,0x80,0x3F,0xFC,0x50,0x94,0x57,0xF4,0x90,0x14,0x10,0x08,0x00,0x00},  /* 属 U+5C5E */
    {0xE5,0xB4,0xA9,0x00,0x01,0x00,0x21,0x08,0x21,0x08,0x3F,0xF8,0x00,0x00,0x3E,0x7C,0x22,0x44,0x22,0x44,0x3E,0x7C,0x22,0x44,0x22,0x44,0x3E,0x7C,0x22,0x44,0x22,0x44,0x4A,0x94,0x85,0x08},  /* 崩 U+5D29 */
    {0xE5,0xB7,0xA5,0x00,0x00,0x00,0x00,0x00,0x7F,0xFC,0x01,0x00,0x01,0x00,0x01,0x00,0x01,0x00,0x01,0x00,0x01,0x00,0x01,0x00,0x01,0x00,0x01,0x00,0x01,0x00,0xFF,0xFE,0x00,0x00,0x00,0x00},  /* 工 U+5DE5 */
    {0xE5,0xB7,0xA6,0x00,0x02,0x00,0x02,0x00,0x02,0x00,0xFF,0xFE,0x04,0x00,0x04,0x00,0x04,0x00,0x08,0x00,0x0F,0xF8,0x10,0x80,0x10,0x80,0x20,0x80,0x40,0x80,0x80,0x80,0x3F,0xFE,0x00,0x00},  /* 左 U+5DE6 */
    {0xE5,0xB7,0xAE,0x00,0x08,0x20,0x04,0x40,0x7F,0xFC,0x01,0x00,0x01,0x00,0x3F,0xF8,0x02,0x00,0x02,0x00,0xFF,0xFE,0x04,0x00,0x08,0x00,0x17,0xF8,0x20,0x80,0x40,0x80,0x80,0x80,0x1F,0xFC},  /* 差 U+5DEE */
    {0xE5,0xB7,0xB1,0x00,0x00,0x00,0x3F,0xF0,0x00,0x10,0x00,0x10,0x00,0x10,0x00,0x10,0x00,0x10,0x3F,0xF0,0x20,0x00,0x20,0x00,0x20,0x00,0x20,0x04,0x20,0x04,0x20,0x04,0x1F,0xFC,0x00,0x00},  /* 己 U+5DF1 */
    {0xE5,0xB7,0xB2,0x00,0x00,0x00,0x3F,0xF0,0x00,0x10,0x00,0x10,0x00,0x10,0x20,0x10,0x20,0x10,0x3F,0xF0,0x20,0x00,0x20,0x00,0x20,0x00,0x20,0x04,0x20,0x04,0x20,0x04,0x1F,0xFC,0x00,0x00},  /* 已 U+5DF2 */
    {0xE5,0xB8,0x83,0x00,0x02,0x00,0x02,0x00,0x02,0x00,0xFF,0xFE,0x04,0x00,0x09,0x00,0x11,0x00,0x3F,0xF8,0x51,0x08,0x91,0x08,0x11,0x08,0x11,0x08,0x11,0x28,0x11,0x10,0x01,0x00,0x01,0x00},  /* 布 U+5E03 */
    {0xE5,0xB8,0x8C,0x00,0x18,0x18,0x06,0x60,0x01,0x80,0x06,0x60,0x3A,0x18,0x02,0x00,0xFF,0xFE,0x04,0x80,0x08,0x80,0x1F,0xF8,0x28,0x88,0x48,0x88,0x88,0xA8,0x08,0x90,0x00,0x80,0x00,0x80},  /* 希 U+5E0C */
    {0xE5,0xB8,0xA6,0x00,0x09,0x20,0x09,0x20,0x7F,0xFC,0x09,0x20,0x09,0x20,0x00,0x00,0x7F,0xFE,0x41,0x02,0x81,0x04,0x1F,0xF0,0x11,0x10,0x11,0x10,0x11,0x50,0x11,0x20,0x01,0x00,0x01,0x00},  /* 带 U+5E26 */
    {0xE5,0xB8,0xA7,0x00,0x10,0x20,0x10,0x20,0x10,0x3E,0x7C,0x20,0x54,0x20,0x55,0xFC,0x55,0x04,0x55,0x24,0x55,0x24,0x55,0x24,0x55,0x24,0x5D,0x24,0x10,0x50,0x10,0x48,0x10,0x84,0x11,0x04},  /* 帧 U+5E27 */
    {0xE5,0xB8,0xAE,0x00,0x08,0x00,0x08,0x7C,0xFF,0x48,0x08,0x50,0x7E,0x48,0x08,0x44,0xFF,0x54,0x10,0x48,0x20,0x40,0x41,0x00,0xBF,0xF8,0x21,0x08,0x21,0x08,0x21,0x28,0x21,0x10,0x01,0x00},  /* 帮 U+5E2E */
    {0xE5,0xB8,0xB8,0x00,0x01,0x00,0x11,0x10,0x09,0x20,0x7F,0xFE,0x40,0x02,0x8F,0xE4,0x08,0x20,0x08,0x20,0x0F,0xE0,0x01,0x00,0x1F,0xF0,0x11,0x10,0x11,0x10,0x11,0x50,0x11,0x20,0x01,0x00},  /* 常 U+5E38 */
    {0xE5,0xB9,0x85,0x00,0x10,0x00,0x11,0xFE,0x10,0x00,0x7C,0xF8,0x54,0x88,0x54,0x88,0x54,0xF8,0x54,0x00,0x55,0xFC,0x55,0x24,0x55,0x24,0x5D,0xFC,0x11,0x24,0x11,0x24,0x11,0xFC,0x11,0x04},  /* 幅 U+5E45 */
    {0xE5,0xB9,0x95,0x00,0x04,0x40,0x7F,0xFC,0x04,0x40,0x1F,0xF0,0x10,0x10,0x1F,0xF0,0x10,0x10,0x1F,0xF0,0x04,0x00,0xFF,0xFE,0x11,0x10,0x3F,0xF8,0xD1,0x16,0x11,0x50,0x11,0x20,0x01,0x00},  /* 幕 U+5E55 */
    {0xE5,0xB9,0xB2,0x00,0x3F,0xF8,0x01,0x00,0x01,0x00,0x01,0x00,0x01,0x00,0x01,0x00,0xFF,0xFE,0x01,0x00,0x01,0x00,0x01,0x00,0x01,0x00,0x01,0x00,0x01,0x00,0x01,0x00,0x01,0x00,0x00,0x00},  /* 干 U+5E72 */
    {0xE5,0xB9,0xB3,0x00,0x7F,0xFC,0x01,0x00,0x01,0x00,0x11,0x10,0x09,0x10,0x09,0x20,0x01,0x00,0xFF,0xFE,0x01,0x00,0x01,0x00,0x01,0x00,0x01,0x00,0x01,0x00,0x01,0x00,0x01,0x00,0x00,0x00},  /* 平 U+5E73 */
    {0xE5,0xB9,0xB6,0x00,0x10,0x10,0x08,0x10,0x08,0x20,0x00,0x00,0x7F,0xFC,0x08,0x20,0x08,0x20,0x08,0x20,0x08,0x20,0xFF,0xFE,0x08,0x20,0x08,0x20,0x10,0x20,0x10,0x20,0x20,0x20,0x40,0x20},  /* 并 U+5E76 */
    {0xE5,0xBA,0x8F,0x00,0x01,0x00,0x00,0x80,0x3F,0xFE,0x20,0x00,0x23,0xF8,0x20,0x10,0x20,0xA0,0x20,0x40,0x2F,0xFE,0x20,0x42,0x20,0x44,0x20,0x40,0x40,0x40,0x40,0x40,0x81,0x40,0x00,0x80},  /* 序 U+5E8F */
    {0xE5,0xBA,0x94,0x00,0x01,0x00,0x00,0x80,0x3F,0xFE,0x20,0x00,0x20,0x00,0x21,0x04,0x28,0x84,0x24,0x84,0x24,0x48,0x22,0x48,0x22,0x10,0x22,0x10,0x40,0x20,0x40,0x40,0x9F,0xFE,0x00,0x00},  /* 应 U+5E94 */
    {0xE5,0xBA,0x95,0x00,0x01,0x00,0x00,0x80,0x3F,0xFE,0x20,0x00,0x20,0x3C,0x27,0xC0,0x24,0x40,0x24,0x40,0x24,0x40,0x27,0xFE,0x24,0x20,0x24,0x20,0x24,0x12,0x45,0x0A,0x46,0x46,0x84,0x22},  /* 底 U+5E95 */
    {0xE5,0xBA,0x9F,0x00,0x01,0x00,0x00,0x80,0x3F,0xFE,0x20,0x80,0x24,0x90,0x28,0x88,0x2F,0xFE,0x21,0x00,0x21,0xFC,0x22,0x84,0x22,0x88,0x24,0x50,0x24,0x20,0x48,0x50,0x51,0x88,0x86,0x06},  /* 废 U+5E9F */
    {0xE5,0xBA,0xA6,0x00,0x01,0x00,0x00,0x80,0x3F,0xFE,0x22,0x20,0x22,0x20,0x3F,0xFC,0x22,0x20,0x22,0x20,0x23,0xE0,0x20,0x00,0x2F,0xF0,0x24,0x10,0x42,0x20,0x41,0xC0,0x86,0x30,0x38,0x0E},  /* 度 U+5EA6 */
    {0xE5,0xBB,0xB6,0x00,0x00,0x08,0x00,0x3C,0xF9,0xE0,0x08,0x20,0x10,0x20,0x11,0x20,0x21,0x3C,0x79,0x20,0x09,0x20,0x09,0x20,0x49,0x20,0x31,0xFC,0x10,0x00,0x2C,0x00,0x43,0xFE,0x80,0x00},  /* 延 U+5EF6 */
    {0xE5,0xBB,0xBA,0x00,0x00,0x40,0x00,0x40,0xFB,0xF8,0x08,0x48,0x17,0xFE,0x10,0x48,0x23,0xF8,0x78,0x40,0x0B,0xF8,0x08,0x40,0x48,0x40,0x37,0xFC,0x10,0x40,0x2C,0x40,0x43,0xFE,0x80,0x00},  /* 建 U+5EFA */
    {0xE5,0xBC,0x80,0x00,0x7F,0xFC,0x08,0x20,0x08,0x20,0x08,0x20,0x08,0x20,0x08,0x20,0xFF,0xFE,0x08,0x20,0x08,0x20,0x08,0x20,0x08,0x20,0x10,0x20,0x10,0x20,0x20,0x20,0x40,0x20,0x00,0x00},  /* 开 U+5F00 */
    {0xE5,0xBC,0x82,0x00,0x3F,0xF0,0x20,0x10,0x20,0x10,0x3F,0xF0,0x20,0x04,0x20,0x04,0x1F,0xFC,0x00,0x00,0x08,0x20,0x08,0x20,0xFF,0xFE,0x08,0x20,0x10,0x20,0x20,0x20,0x40,0x20,0x00,0x00},  /* 异 U+5F02 */
    {0xE5,0xBC,0x83,0x00,0x01,0x00,0x00,0x80,0x3F,0xFC,0x02,0x00,0x04,0x20,0x08,0x10,0x1F,0xF8,0x00,0x08,0x04,0x20,0x04,0x20,0x7F,0xFE,0x04,0x20,0x04,0x20,0x08,0x20,0x10,0x20,0x20,0x20},  /* 弃 U+5F03 */
    {0xE5,0xBC,0x8F,0x00,0x00,0x48,0x00,0x44,0x00,0x44,0x00,0x40,0xFF,0xFE,0x00,0x40,0x00,0x40,0x3E,0x40,0x08,0x40,0x08,0x40,0x08,0x20,0x08,0x22,0x0F,0x12,0x78,0x0A,0x20,0x06,0x00,0x02},  /* 式 U+5F0F */
    {0xE5,0xBC,0x95,0x00,0x00,0x08,0x7F,0x08,0x01,0x08,0x01,0x08,0x01,0x08,0x3F,0x08,0x20,0x08,0x20,0x08,0x40,0x08,0x7F,0x08,0x01,0x08,0x01,0x08,0x01,0x08,0x01,0x08,0x0A,0x08,0x04,0x08},  /* 引 U+5F15 */
    {0xE5,0xBC,0xBA,0x00,0xF9,0xFC,0x09,0x04,0x09,0x04,0x79,0xFC,0x40,0x20,0x83,0xFE,0x82,0x22,0xFA,0x22,0x0A,0x22,0x0B,0xFE,0x08,0x20,0x08,0x24,0x08,0x22,0x90,0x3F,0x63,0xC1,0x00,0x00},  /* 强 U+5F3A */
    {0xE5,0xBD,0x92,0x00,0x08,0x00,0x08,0x00,0x4B,0xFC,0x48,0x04,0x48,0x04,0x48,0x04,0x48,0x04,0x49,0xFC,0x48,0x04,0x48,0x04,0x48,0x04,0x08,0x04,0x10,0x04,0x13,0xFC,0x20,0x04,0x40,0x00},  /* 归 U+5F52 */
    {0xE5,0xBD,0x93,0x00,0x01,0x00,0x21,0x08,0x11,0x08,0x09,0x10,0x09,0x20,0x01,0x00,0x7F,0xF8,0x00,0x08,0x00,0x08,0x00,0x08,0x3F,0xF8,0x00,0x08,0x00,0x08,0x00,0x08,0x7F,0xF8,0x00,0x08},  /* 当 U+5F53 */
    {0xE5,0xBD,0x95,0x00,0x3F,0xF0,0x00,0x10,0x00,0x10,0x1F,0xF0,0x00,0x10,0x00,0x10,0xFF,0xFE,0x01,0x00,0x21,0x08,0x11,0x90,0x05,0x60,0x09,0x20,0x31,0x18,0xC5,0x06,0x02,0x00,0x00,0x00},  /* 录 U+5F55 */
    {0xE5,0xBD,0xA2,0x00,0x7F,0x84,0x12,0x04,0x12,0x08,0x12,0x10,0x12,0x22,0x12,0x02,0xFF,0xC4,0x12,0x08,0x12,0x10,0x12,0x22,0x12,0x02,0x22,0x04,0x22,0x08,0x42,0x10,0x82,0x60,0x00,0x00},  /* 形 U+5F62 */
    {0xE5,0xBD,0xB1,0x00,0x7F,0x04,0x41,0x04,0x7F,0x08,0x41,0x10,0x7F,0x22,0x08,0x02,0xFF,0xC4,0x00,0x08,0x7F,0x10,0x41,0x22,0x7F,0x02,0x08,0x04,0x49,0x08,0x88,0x90,0x18,0x60,0x00,0x00},  /* 影 U+5F71 */
    {0xE5,0xBD,0xBB,0x00,0x10,0x00,0x12,0x00,0x22,0xFC,0x42,0x24,0x92,0x24,0x12,0x24,0x23,0xA4,0x6E,0x24,0xA2,0x24,0x22,0x24,0x22,0xA4,0x23,0x24,0x22,0x44,0x20,0x44,0x20,0x94,0x21,0x08},  /* 彻 U+5F7B */
    {0xE5,0xBE,0x80,0x00,0x08,0x80,0x08,0x40,0x10,0x00,0x27,0xFC,0x48,0x40,0x08,0x40,0x10,0x40,0x30,0x40,0x57,0xFC,0x90,0x40,0x10,0x40,0x10,0x40,0x10,0x40,0x10,0x40,0x1F,0xFE,0x10,0x00},  /* 往 U+5F80 */
    {0xE5,0xBE,0x81,0x00,0x08,0x00,0x08,0x00,0x13,0xFE,0x20,0x20,0x48,0x20,0x08,0x20,0x11,0x20,0x31,0x20,0x51,0x3C,0x91,0x20,0x11,0x20,0x11,0x20,0x11,0x20,0x11,0x20,0x17,0xFE,0x10,0x00},  /* 征 U+5F81 */
    {0xE5,0xBE,0x84,0x00,0x08,0x00,0x0B,0xF8,0x10,0x10,0x20,0x20,0x48,0x60,0x08,0x98,0x11,0x04,0x36,0x02,0x50,0x00,0x93,0xFC,0x10,0x40,0x10,0x40,0x10,0x40,0x10,0x40,0x17,0xFE,0x10,0x00},  /* 径 U+5F84 */
    {0xE5,0xBE,0x85,0x00,0x08,0x40,0x08,0x40,0x10,0x40,0x23,0xFC,0x48,0x40,0x08,0x40,0x17,0xFE,0x30,0x10,0x50,0x10,0x97,0xFE,0x10,0x10,0x12,0x10,0x11,0x10,0x11,0x10,0x10,0x50,0x10,0x20},  /* 待 U+5F85 */
    {0xE5,0xBE,0x88,0x00,0x08,0x00,0x0B,0xF8,0x12,0x08,0x22,0x08,0x4B,0xF8,0x0A,0x08,0x12,0x08,0x33,0xF8,0x52,0x44,0x92,0x48,0x12,0x30,0x12,0x20,0x12,0x10,0x12,0x88,0x13,0x06,0x12,0x00},  /* 很 U+5F88 */
    {0xE5,0xBE,0x97,0x00,0x08,0x00,0x0B,0xF8,0x12,0x08,0x23,0xF8,0x4A,0x08,0x0B,0xF8,0x10,0x00,0x33,0xFC,0x50,0x10,0x97,0xFE,0x10,0x10,0x12,0x10,0x11,0x10,0x10,0x10,0x10,0x50,0x10,0x20},  /* 得 U+5F97 */
    {0xE5,0xBE,0xAA,0x00,0x10,0x3C,0x17,0xE0,0x24,0x20,0x44,0x20,0x97,0xFE,0x14,0x20,0x25,0xFC,0x65,0x04,0xA5,0x04,0x25,0xFC,0x25,0x04,0x25,0xFC,0x29,0x04,0x29,0x04,0x31,0xFC,0x21,0x04},  /* 循 U+5FAA */
    {0xE5,0xBF,0x83,0x00,0x00,0x00,0x02,0x00,0x01,0x00,0x00,0x80,0x00,0x80,0x04,0x00,0x04,0x08,0x24,0x04,0x24,0x04,0x24,0x02,0x44,0x02,0x44,0x12,0x84,0x10,0x04,0x10,0x03,0xF0,0x00,0x00},  /* 心 U+5FC3 */
    {0xE5,0xBF,0x85,0x00,0x04,0x00,0x02,0x10,0x01,0x10,0x01,0x20,0x08,0x20,0x28,0x48,0x28,0x44,0x28,0x84,0x49,0x02,0x4A,0x02,0x8C,0x12,0x08,0x10,0x18,0x10,0x27,0xF0,0x40,0x00,0x00,0x00},  /* 必 U+5FC5 */
    {0xE5,0xBF,0x97,0x00,0x01,0x00,0x01,0x00,0x01,0x08,0x7F,0xFC,0x01,0x00,0x01,0x00,0x01,0x10,0x3F,0xF8,0x00,0x00,0x0A,0x10,0x29,0x08,0x29,0x2C,0x68,0x24,0x48,0x24,0x07,0xE0,0x00,0x00},  /* 志 U+5FD7 */
    {0xE5,0xBF,0x99,0x00,0x10,0x20,0x10,0x10,0x10,0x10,0x10,0x00,0x1B,0xFE,0x54,0x80,0x50,0x80,0x50,0x80,0x90,0x80,0x10,0x80,0x10,0x80,0x10,0x80,0x10,0x80,0x10,0x80,0x10,0xFE,0x10,0x00},  /* 忙 U+5FD9 */
    {0xE5,0xBF,0xAB,0x00,0x10,0x40,0x10,0x40,0x10,0x40,0x13,0xF8,0x18,0x48,0x54,0x48,0x50,0x48,0x50,0x48,0x97,0xFE,0x10,0x40,0x10,0xA0,0x10,0xA0,0x11,0x10,0x11,0x10,0x12,0x08,0x14,0x06},  /* 快 U+5FEB */
    {0xE5,0xBF,0xBD,0x00,0x08,0x00,0x08,0x00,0x1F,0xF8,0x12,0x48,0x22,0x48,0x44,0x88,0x08,0x88,0x11,0x08,0x22,0x28,0x04,0x10,0x01,0x00,0x08,0x84,0x48,0x92,0x48,0x12,0x87,0xF0,0x00,0x00},  /* 忽 U+5FFD */
    {0xE6,0x80,0x81,0x00,0x01,0x00,0x01,0x00,0x7F,0xFC,0x01,0x00,0x02,0x80,0x04,0x40,0x0A,0x20,0x31,0x18,0xC0,0x06,0x01,0x00,0x08,0x88,0x48,0x84,0x48,0x12,0x48,0x12,0x87,0xF0,0x00,0x00},  /* 态 U+6001 */
    {0xE6,0x80,0xA7,0x00,0x10,0x20,0x10,0x20,0x11,0x20,0x11,0x20,0x19,0xFC,0x55,0x20,0x52,0x20,0x50,0x20,0x90,0x20,0x11,0xFC,0x10,0x20,0x10,0x20,0x10,0x20,0x10,0x20,0x13,0xFE,0x10,0x00},  /* 性 U+6027 */
    {0xE6,0x80,0xBB,0x00,0x10,0x10,0x08,0x20,0x04,0x40,0x00,0x00,0x1F,0xF0,0x10,0x10,0x10,0x10,0x10,0x10,0x1F,0xF0,0x10,0x10,0x01,0x00,0x08,0x84,0x48,0x92,0x48,0x12,0x87,0xF0,0x00,0x00},  /* 总 U+603B */
    {0xE6,0x81,0x92,0x00,0x10,0x00,0x13,0xFE,0x10,0x00,0x10,0x00,0x19,0xFC,0x55,0x04,0x51,0x04,0x51,0xFC,0x91,0x04,0x11,0x04,0x11,0xFC,0x11,0x04,0x10,0x00,0x10,0x00,0x13,0xFE,0x10,0x00},  /* 恒 U+6052 */
    {0xE6,0x81,0xA2,0x00,0x10,0x40,0x10,0x40,0x10,0x40,0x13,0xFE,0x18,0x80,0x54,0x90,0x50,0x90,0x51,0x12,0x91,0x52,0x11,0x54,0x12,0x90,0x12,0x28,0x14,0x28,0x10,0x44,0x10,0x84,0x11,0x02},  /* 恢 U+6062 */
    {0xE6,0x81,0xAF,0x00,0x01,0x00,0x02,0x00,0x1F,0xF0,0x10,0x10,0x1F,0xF0,0x10,0x10,0x1F,0xF0,0x10,0x10,0x1F,0xF0,0x10,0x10,0x01,0x00,0x08,0x84,0x48,0x92,0x48,0x12,0x87,0xF0,0x00,0x00},  /* 息 U+606F */
    {0xE6,0x82,0xAC,0x00,0x1F,0xF0,0x10,0x10,0x1F,0xF0,0x10,0x10,0x1F,0xF0,0x10,0x10,0xFF,0xFE,0x08,0x20,0x10,0x10,0x3F,0xF8,0x10,0x08,0x01,0x00,0x28,0x88,0x28,0xA4,0x48,0x24,0x07,0xE0},  /* 悬 U+60AC */
    {0xE6,0x83,0x85,0x00,0x10,0x20,0x10,0x20,0x13,0xFE,0x10,0x20,0x51,0xFC,0x58,0x20,0x57,0xFF,0x94,0x00,0x11,0xFC,0x11,0x04,0x11,0xFC,0x11,0x04,0x11,0xFC,0x11,0x04,0x11,0x14,0x11,0x0C},  /* 情 U+60C5 */
    {0xE6,0x84,0x8F,0x00,0x01,0x00,0x3F,0xF8,0x08,0x20,0x04,0x40,0xFF,0xFE,0x00,0x00,0x1F,0xF0,0x10,0x10,0x1F,0xF0,0x10,0x10,0x1F,0xF0,0x02,0x00,0x51,0x04,0x51,0x12,0x90,0x12,0x0F,0xF0},  /* 意 U+610F */
    {0xE6,0x84,0x9F,0x00,0x00,0x28,0x00,0x24,0x3F,0xFE,0x20,0x20,0x2F,0xA4,0x20,0x24,0x2F,0xA8,0x28,0x98,0x28,0x92,0x4F,0xAA,0x40,0x46,0x80,0x82,0x01,0x00,0x48,0x84,0x48,0x12,0x87,0xF2},  /* 感 U+611F */
    {0xE6,0x88,0x90,0x00,0x00,0x50,0x00,0x48,0x00,0x40,0x3F,0xFE,0x20,0x40,0x20,0x40,0x20,0x44,0x3E,0x44,0x22,0x44,0x22,0x28,0x22,0x28,0x22,0x12,0x2A,0x32,0x44,0x4A,0x40,0x86,0x81,0x02},  /* 成 U+6210 */
    {0xE6,0x88,0x91,0x00,0x04,0x40,0x0E,0x50,0x78,0x48,0x08,0x48,0x08,0x40,0xFF,0xFE,0x08,0x40,0x08,0x44,0x0A,0x44,0x0C,0x48,0x18,0x30,0x68,0x22,0x08,0x52,0x08,0x8A,0x2B,0x06,0x10,0x02},  /* 我 U+6211 */
    {0xE6,0x88,0x96,0x00,0x00,0x48,0x00,0x44,0x00,0x40,0xFF,0xFE,0x00,0x40,0x00,0x40,0x3E,0x44,0x22,0x44,0x22,0x44,0x22,0x28,0x3E,0x28,0x00,0x12,0x07,0x32,0x78,0x4A,0x20,0x86,0x03,0x02},  /* 或 U+6216 */
    {0xE6,0x88,0xAA,0x00,0x08,0x20,0x08,0x28,0x7F,0x24,0x08,0x20,0xFF,0xFE,0x14,0x20,0x22,0x24,0x7F,0xA4,0xA4,0x24,0x3F,0x28,0x24,0x28,0x3F,0x10,0x24,0x12,0x3F,0xAA,0x20,0x46,0x20,0x82},  /* 截 U+622A */
    {0xE6,0x88,0xB7,0x00,0x02,0x00,0x01,0x00,0x01,0x00,0x1F,0xF8,0x10,0x08,0x10,0x08,0x10,0x08,0x10,0x08,0x1F,0xF8,0x10,0x08,0x10,0x00,0x10,0x00,0x10,0x00,0x20,0x00,0x20,0x00,0x40,0x00},  /* 户 U+6237 */
    {0xE6,0x89,0x80,0x00,0x02,0x08,0x07,0x1C,0x38,0xE0,0x20,0x80,0x20,0x80,0x3E,0x80,0x22,0xFE,0x22,0x88,0x22,0x88,0x3E,0x88,0x20,0x88,0x20,0x88,0x41,0x08,0x41,0x08,0x82,0x08,0x04,0x08},  /* 所 U+6240 */
    {0xE6,0x89,0x87,0x00,0x02,0x00,0x01,0x00,0x3F,0xFC,0x20,0x04,0x20,0x04,0x3F,0xFC,0x20,0x00,0x20,0x00,0x3F,0x7C,0x21,0x04,0x29,0x24,0x25,0x14,0x49,0x24,0x51,0x44,0x85,0x14,0x02,0x08},  /* 扇 U+6247 */
    {0xE6,0x89,0x8B,0x00,0x00,0x10,0x00,0xF8,0x3F,0x00,0x01,0x00,0x01,0x00,0x3F,0xF8,0x01,0x00,0x01,0x00,0x01,0x00,0xFF,0xFE,0x01,0x00,0x01,0x00,0x01,0x00,0x01,0x00,0x05,0x00,0x02,0x00},  /* 手 U+624B */
    {0xE6,0x89,0x8D,0x00,0x00,0x80,0x00,0x80,0x00,0x80,0x00,0x80,0xFF,0xFE,0x01,0x80,0x02,0x80,0x02,0x80,0x04,0x80,0x04,0x80,0x08,0x80,0x10,0x80,0x20,0x80,0x40,0x80,0x02,0x80,0x01,0x00},  /* 才 U+624D */
    {0xE6,0x89,0x93,0x00,0x10,0x00,0x10,0x00,0x13,0xFE,0x10,0x20,0xFC,0x20,0x10,0x20,0x10,0x20,0x14,0x20,0x18,0x20,0x30,0x20,0xD0,0x20,0x10,0x20,0x10,0x20,0x10,0x20,0x50,0xA0,0x20,0x40},  /* 打 U+6253 */
    {0xE6,0x89,0xA7,0x00,0x10,0x40,0x10,0x40,0x10,0x40,0x10,0x40,0xFD,0xF8,0x10,0x48,0x10,0x48,0x14,0x48,0x19,0x48,0x30,0xC8,0xD0,0x48,0x10,0xA8,0x10,0xAA,0x11,0x0A,0x52,0x06,0x24,0x02},  /* 执 U+6267 */
    {0xE6,0x89,0xA9,0x00,0x10,0x20,0x10,0x10,0x10,0x10,0x11,0xFE,0xFD,0x00,0x11,0x00,0x11,0x00,0x15,0x00,0x19,0x00,0x31,0x00,0xD1,0x00,0x11,0x00,0x11,0x00,0x12,0x00,0x52,0x00,0x24,0x00},  /* 扩 U+6269 */
    {0xE6,0x89,0xAB,0x00,0x10,0x00,0x10,0x00,0x13,0xFC,0x10,0x04,0xFC,0x04,0x10,0x04,0x10,0x04,0x15,0xFC,0x18,0x04,0x30,0x04,0xD0,0x04,0x10,0x04,0x10,0x04,0x13,0xFC,0x50,0x04,0x20,0x00},  /* 扫 U+626B */
    {0xE6,0x89,0xB0,0x00,0x10,0x40,0x10,0x50,0x10,0x48,0x10,0x48,0xFC,0x40,0x11,0xFE,0x10,0x50,0x14,0x50,0x18,0x50,0x30,0x50,0xD0,0x90,0x10,0x90,0x10,0x92,0x11,0x12,0x51,0x0E,0x22,0x00},  /* 扰 U+6270 */
    {0xE6,0x89,0xBE,0x00,0x10,0x90,0x10,0x88,0x10,0x88,0x10,0x80,0xFC,0xBC,0x13,0xC0,0x10,0x80,0x14,0x88,0x18,0x88,0x30,0x90,0xD0,0x60,0x10,0x44,0x10,0xA4,0x11,0x14,0x52,0x0C,0x20,0x04},  /* 找 U+627E */
    {0xE6,0x8A,0x8A,0x00,0x10,0x00,0x11,0xFC,0x11,0x24,0x11,0x24,0xFD,0x24,0x11,0x24,0x11,0x24,0x15,0xFC,0x19,0x04,0x31,0x00,0xD1,0x00,0x11,0x00,0x11,0x02,0x11,0x02,0x50,0xFE,0x20,0x00},  /* 把 U+628A */
    {0xE6,0x8A,0x96,0x00,0x10,0x10,0x11,0x10,0x10,0x90,0x10,0x90,0xFC,0x10,0x11,0x10,0x10,0x90,0x14,0x90,0x18,0x10,0x30,0x1E,0xD3,0xF0,0x10,0x10,0x10,0x10,0x10,0x10,0x50,0x10,0x20,0x10},  /* 抖 U+6296 */
    {0xE6,0x8A,0x98,0x00,0x10,0x08,0x10,0x1C,0x11,0xE0,0x11,0x00,0xFD,0x00,0x11,0x00,0x11,0xFE,0x15,0x10,0x19,0x10,0x31,0x10,0xD1,0x10,0x11,0x10,0x11,0x10,0x12,0x10,0x52,0x10,0x24,0x10},  /* 折 U+6298 */
    {0xE6,0x8A,0xA2,0x00,0x10,0x40,0x10,0x40,0x10,0xA0,0x10,0xA0,0xFD,0x10,0x12,0x08,0x14,0x06,0x11,0xF0,0x19,0x10,0x31,0x10,0xD1,0x50,0x11,0x20,0x11,0x04,0x11,0x04,0x50,0xFC,0x20,0x00},  /* 抢 U+62A2 */
    {0xE6,0x8A,0xA4,0x00,0x10,0x40,0x10,0x20,0x10,0x20,0x11,0xFE,0xFD,0x02,0x11,0x02,0x11,0x02,0x15,0xFE,0x19,0x02,0x31,0x00,0xD1,0x00,0x11,0x00,0x12,0x00,0x12,0x00,0x54,0x00,0x28,0x00},  /* 护 U+62A4 */
    {0xE6,0x8A,0xA5,0x00,0x10,0x00,0x11,0xFC,0x11,0x04,0x11,0x04,0xFD,0x14,0x11,0x08,0x11,0x00,0x15,0xFC,0x19,0x44,0x31,0x44,0xD1,0x28,0x11,0x28,0x11,0x10,0x11,0x28,0x51,0x44,0x21,0x82},  /* 报 U+62A5 */
    {0xE6,0x8A,0xBD,0x00,0x10,0x20,0x10,0x20,0x10,0x20,0x10,0x20,0xFD,0xFC,0x11,0x24,0x11,0x24,0x15,0x24,0x19,0x24,0x31,0xFC,0xD1,0x24,0x11,0x24,0x11,0x24,0x11,0x24,0x51,0xFC,0x21,0x04},  /* 抽 U+62BD */
    {0xE6,0x8B,0x86,0x00,0x10,0x08,0x10,0x1C,0x11,0xE0,0x11,0x00,0xFD,0x00,0x11,0x00,0x11,0xFE,0x15,0x10,0x19,0x10,0x31,0x30,0xD1,0x18,0x11,0x14,0x11,0x12,0x12,0x10,0x52,0x10,0x24,0x10},  /* 拆 U+62C6 */
    {0xE6,0x8B,0x92,0x00,0x10,0x00,0x11,0xFE,0x11,0x00,0x11,0x00,0xFD,0x00,0x11,0xFC,0x11,0x04,0x15,0x04,0x19,0x04,0x31,0x04,0xD1,0xFC,0x11,0x00,0x11,0x00,0x11,0x00,0x51,0xFE,0x20,0x00},  /* 拒 U+62D2 */
    {0xE6,0x8B,0x9F,0x00,0x10,0x08,0x10,0x88,0x10,0x48,0x12,0x28,0xFA,0x28,0x12,0x08,0x12,0x08,0x1A,0x08,0x32,0x08,0xD2,0x08,0x12,0x10,0x12,0x98,0x13,0x24,0x12,0x24,0x50,0x42,0x20,0x82},  /* 拟 U+62DF */
    {0xE6,0x8B,0xA9,0x00,0x20,0x00,0x27,0xF8,0x22,0x08,0x21,0x10,0xF0,0xA0,0x20,0x40,0x21,0xB0,0x26,0x4E,0x30,0x40,0xE3,0xF8,0x20,0x40,0x20,0x40,0x27,0xFC,0x20,0x40,0xA0,0x40,0x40,0x40},  /* 择 U+62E9 */
    {0xE6,0x8B,0xB7,0x00,0x10,0x40,0x10,0x44,0x11,0xF4,0x10,0x48,0xFC,0x50,0x13,0xFE,0x10,0x40,0x14,0x80,0x19,0xFE,0x32,0x40,0xD4,0x80,0x10,0xFC,0x10,0x04,0x10,0x04,0x50,0x28,0x20,0x10},  /* 拷 U+62F7 */
    {0xE6,0x8B,0xBC,0x00,0x11,0x04,0x10,0x84,0x10,0x88,0x10,0x00,0xFD,0xFE,0x10,0x88,0x10,0x88,0x14,0x88,0x18,0x88,0x33,0xFE,0xD0,0x88,0x10,0x88,0x11,0x08,0x11,0x08,0x52,0x08,0x24,0x08},  /* 拼 U+62FC */
    {0xE6,0x8B,0xBF,0x00,0x01,0x00,0x06,0xC0,0x18,0x30,0xEF,0xEE,0x00,0x00,0x1F,0xF0,0x10,0x10,0x1F,0xF0,0x00,0x20,0x1F,0xC0,0x01,0x00,0x3F,0xF8,0x01,0x00,0x7F,0xFC,0x01,0x00,0x03,0x00},  /* 拿 U+62FF */
    {0xE6,0x8C,0x81,0x00,0x10,0x20,0x10,0x20,0x10,0x20,0x11,0xFC,0xFC,0x20,0x10,0x20,0x13,0xFE,0x10,0x08,0x18,0x08,0x33,0xFE,0xD0,0x08,0x10,0x88,0x10,0x48,0x10,0x08,0x50,0x28,0x20,0x10},  /* 持 U+6301 */
    {0xE6,0x8C,0x82,0x00,0x10,0x20,0x10,0x20,0x11,0xFC,0x10,0x20,0xFC,0x20,0x10,0x20,0x13,0xFE,0x10,0x00,0x18,0x20,0x30,0x20,0xD1,0xFC,0x10,0x20,0x10,0x20,0x10,0x20,0x53,0xFE,0x20,0x00},  /* 挂 U+6302 */
    {0xE6,0x8C,0x87,0x00,0x11,0x00,0x11,0x04,0x11,0x38,0x11,0xC0,0xFD,0x02,0x11,0x02,0x10,0xFE,0x14,0x00,0x19,0xFC,0x31,0x04,0xD1,0x04,0x11,0xFC,0x11,0x04,0x11,0x04,0x51,0xFC,0x21,0x04},  /* 指 U+6307 */
    {0xE6,0x8C,0x89,0x00,0x10,0x40,0x10,0x20,0x10,0x20,0x13,0xFE,0xFA,0x02,0x14,0x44,0x10,0x40,0x1B,0xFE,0x30,0x88,0xD0,0x88,0x11,0x08,0x10,0xD0,0x10,0x20,0x10,0x50,0x50,0x88,0x23,0x04},  /* 按 U+6309 */
    {0xE6,0x8C,0xAA,0x00,0x10,0x00,0x17,0xDE,0x12,0x52,0x12,0x52,0xFA,0x54,0x17,0xD4,0x12,0x58,0x1A,0x54,0x32,0x52,0xDF,0xD2,0x12,0x52,0x12,0x5A,0x12,0x54,0x14,0x50,0x55,0x50,0x28,0x90},  /* 挪 U+632A */
    {0xE6,0x8D,0x9F,0x00,0x10,0x00,0x10,0xF8,0x10,0x88,0x10,0x88,0xFC,0xF8,0x10,0x00,0x11,0xFC,0x15,0x04,0x19,0x24,0x31,0x24,0xD1,0x24,0x11,0x24,0x10,0x50,0x10,0x48,0x50,0x84,0x23,0x04},  /* 损 U+635F */
    {0xE6,0x8D,0xA2,0x00,0x10,0x80,0x10,0x80,0x10,0xF8,0x11,0x08,0xFA,0x10,0x15,0xFC,0x11,0x24,0x19,0x24,0x31,0x24,0xD1,0x24,0x17,0xFE,0x10,0x50,0x10,0x50,0x10,0x88,0x51,0x04,0x26,0x02},  /* 换 U+6362 */
    {0xE6,0x8D,0xAE,0x00,0x11,0xFE,0x11,0x02,0x11,0x02,0xFF,0x02,0x11,0xFE,0x13,0x10,0x15,0x10,0x19,0xFF,0x11,0x10,0x31,0x10,0x51,0xFE,0x92,0x82,0x12,0x82,0x14,0x82,0x54,0x82,0x28,0xFE},  /* 据 U+636E */
    {0xE6,0x8E,0x89,0x00,0x10,0x20,0x10,0x20,0x10,0x3E,0x10,0x20,0xFD,0xFC,0x11,0x04,0x15,0xFC,0x19,0x04,0x31,0xFC,0xD1,0x24,0x10,0x20,0x13,0xFE,0x10,0x20,0x10,0x20,0x50,0x20,0x20,0x20},  /* 掉 U+6389 */
    {0xE6,0x8E,0x92,0x00,0x10,0x90,0x10,0x90,0x10,0x90,0x17,0x9E,0xF8,0x90,0x10,0x90,0x10,0x90,0x1B,0x9C,0x30,0x90,0xD0,0x90,0x10,0x90,0x17,0x9E,0x10,0x90,0x10,0x90,0x50,0x90,0x20,0x90},  /* 排 U+6392 */
    {0xE6,0x8E,0xA2,0x00,0x20,0x00,0x27,0xFC,0x24,0x04,0x24,0xA4,0xF9,0x10,0x22,0x08,0x20,0x40,0x28,0x40,0x37,0xFC,0xE0,0x40,0x20,0xE0,0x21,0x50,0x22,0x48,0x2C,0x46,0xA0,0x40,0x40,0x40},  /* 探 U+63A2 */
    {0xE6,0x8E,0xA5,0x00,0x10,0x80,0x10,0x40,0x13,0xFC,0x10,0x00,0xFD,0x08,0x10,0x90,0x17,0xFE,0x10,0x40,0x18,0x40,0x37,0xFE,0xD0,0x88,0x11,0x08,0x10,0x90,0x10,0x60,0x51,0x98,0x26,0x04},  /* 接 U+63A5 */
    {0xE6,0x8E,0xA7,0x00,0x10,0x40,0x10,0x20,0x10,0x20,0x13,0xFE,0xFA,0x02,0x14,0x94,0x11,0x08,0x1A,0x04,0x30,0x00,0xD1,0xFC,0x10,0x20,0x10,0x20,0x10,0x20,0x10,0x20,0x57,0xFE,0x20,0x00},  /* 控 U+63A7 */
    {0xE6,0x8F,0x8F,0x00,0x10,0x88,0x10,0x88,0x13,0xFE,0x10,0x88,0xFC,0x88,0x10,0x00,0x11,0xFC,0x15,0x24,0x19,0x24,0x31,0x24,0xD1,0xFC,0x11,0x24,0x11,0x24,0x11,0x24,0x51,0xFC,0x21,0x04},  /* 描 U+63CF */
    {0xE6,0x8F,0x90,0x00,0x10,0x00,0x11,0xFC,0x11,0x04,0x11,0x04,0xFD,0xFC,0x11,0x04,0x11,0x04,0x15,0xFC,0x18,0x00,0x33,0xFE,0xD0,0x20,0x11,0x20,0x11,0x3C,0x11,0x20,0x52,0xA0,0x24,0x7E},  /* 提 U+63D0 */
    {0xE6,0x8F,0x92,0x00,0x20,0x08,0x20,0x3C,0x27,0xC0,0x20,0x40,0xF8,0x40,0x2F,0xFE,0x20,0x40,0x29,0x40,0x36,0x5C,0xE4,0x44,0x24,0x44,0x27,0x5C,0x24,0x44,0x24,0x44,0xA7,0xFC,0x44,0x04},  /* 插 U+63D2 */
    {0xE6,0x8F,0xA1,0x00,0x20,0x00,0x23,0xFC,0x22,0x04,0x22,0x04,0xFB,0xFC,0x22,0x00,0x23,0xFC,0x2A,0x40,0x32,0x88,0xE3,0xFC,0x22,0x24,0x22,0x20,0x25,0xFC,0x24,0x20,0xA8,0x20,0x53,0xFE},  /* 握 U+63E1 */
    {0xE6,0x90,0x9C,0x00,0x10,0xA0,0x11,0x2C,0x11,0x24,0x11,0x24,0xFD,0xAC,0x11,0x24,0x11,0x24,0x15,0xFC,0x18,0x20,0x31,0xFC,0xD0,0x88,0x10,0x50,0x10,0x20,0x10,0x50,0x50,0x88,0x23,0x06},  /* 搜 U+641C */
    {0xE6,0x90,0x9E,0x00,0x10,0x40,0x10,0x20,0x13,0xFE,0x10,0x00,0xFD,0xFC,0x11,0x04,0x11,0xFC,0x14,0x00,0x1B,0xFE,0x32,0x02,0xD2,0xFA,0x12,0x8A,0x12,0xFA,0x12,0x02,0x52,0x0A,0x22,0x04},  /* 搞 U+641E */
    {0xE6,0x90,0xAC,0x00,0x21,0x00,0x22,0x3C,0x27,0xA4,0x24,0xA4,0xF6,0xA4,0x25,0xA4,0x24,0xC2,0x2F,0x80,0x34,0xBC,0xE4,0xA4,0x26,0xA4,0x25,0xA4,0x24,0x94,0x24,0x88,0xA4,0x94,0x49,0xA2},  /* 搬 U+642C */
    {0xE6,0x92,0xAD,0x00,0x20,0x78,0x27,0xC0,0x22,0x48,0x21,0x50,0xFB,0xFC,0x21,0x50,0x22,0x48,0x2C,0x06,0x33,0xF8,0xE2,0x48,0x22,0x48,0x23,0xF8,0x22,0x48,0x22,0x48,0xA3,0xF8,0x42,0x08},  /* 播 U+64AD */
    {0xE6,0x93,0x8D,0x00,0x23,0xF8,0x22,0x08,0x22,0x08,0x23,0xF8,0xF8,0x00,0x27,0xBC,0x24,0xA4,0x2C,0xA4,0x37,0xBC,0xE0,0x40,0x2F,0xFE,0x21,0x60,0x22,0x50,0x24,0x48,0xB8,0x46,0x40,0x40},  /* 操 U+64CD */
    {0xE6,0x93,0x8E,0x00,0x24,0x20,0xFF,0x20,0x24,0x7E,0x7E,0xC4,0x82,0x28,0x7A,0x10,0x4A,0x28,0x7A,0xC6,0x04,0x20,0x1F,0xC0,0x01,0x00,0x3F,0xF8,0x01,0x00,0x7F,0xFC,0x01,0x00,0x03,0x00},  /* 擎 U+64CE */
    {0xE6,0x93,0xA6,0x00,0x20,0x80,0x20,0x40,0x27,0xFE,0x24,0x02,0xFA,0x24,0x23,0xBC,0x24,0xA4,0x2A,0xA8,0x35,0x10,0xE2,0xE8,0x24,0x04,0x2B,0xFA,0x20,0x40,0x22,0x48,0xA4,0x44,0x40,0xC0},  /* 擦 U+64E6 */
    {0xE6,0x94,0xAF,0x00,0x01,0x00,0x01,0x00,0x01,0x00,0x7F,0xFC,0x01,0x00,0x01,0x00,0x01,0x00,0x3F,0xF0,0x10,0x10,0x08,0x20,0x04,0x40,0x02,0x80,0x01,0x00,0x06,0xC0,0x18,0x30,0xE0,0x0E},  /* 支 U+652F */
    {0xE6,0x94,0xB6,0x00,0x08,0x40,0x08,0x40,0x48,0x40,0x48,0x80,0x48,0xFE,0x49,0x08,0x4A,0x88,0x48,0x88,0x48,0x88,0x58,0x50,0x68,0x50,0x48,0x20,0x08,0x50,0x08,0x88,0x09,0x04,0x0A,0x02},  /* 收 U+6536 */
    {0xE6,0x94,0xB9,0x00,0x00,0x40,0x00,0x40,0xFC,0x80,0x04,0xFE,0x05,0x08,0x05,0x08,0x06,0x88,0x7C,0x88,0x40,0x88,0x40,0x50,0x40,0x50,0x44,0x20,0x58,0x50,0x60,0x88,0x41,0x04,0x02,0x02},  /* 改 U+6539 */
    {0xE6,0x94,0xBE,0x00,0x20,0x40,0x10,0x40,0x00,0x40,0xFE,0x80,0x20,0xFE,0x21,0x08,0x3E,0x88,0x24,0x88,0x24,0x88,0x24,0x50,0x24,0x50,0x24,0x20,0x44,0x50,0x54,0x88,0x89,0x04,0x02,0x02},  /* 放 U+653E */
    {0xE6,0x95,0x85,0x00,0x10,0x40,0x10,0x40,0x10,0x40,0x10,0x80,0xFE,0xFE,0x11,0x08,0x12,0x88,0x10,0x88,0x7C,0x88,0x44,0x50,0x44,0x50,0x44,0x20,0x44,0x50,0x7C,0x88,0x45,0x04,0x02,0x02},  /* 故 U+6545 */
    {0xE6,0x95,0x88,0x00,0x10,0x20,0x08,0x20,0x00,0x20,0xFF,0x3E,0x00,0x44,0x24,0x44,0x42,0x44,0x81,0xA4,0x24,0x28,0x14,0x28,0x08,0x10,0x14,0x10,0x22,0x28,0x42,0x48,0x80,0x84,0x01,0x02},  /* 效 U+6548 */
    {0xE6,0x95,0xA3,0x00,0x24,0x20,0x24,0x20,0x7E,0x20,0x24,0x3E,0x24,0x44,0xFF,0x44,0x00,0x44,0x7E,0xA4,0x42,0x28,0x7E,0x28,0x42,0x10,0x7E,0x10,0x42,0x28,0x42,0x28,0x4A,0x44,0x44,0x82},  /* 散 U+6563 */
    {0xE6,0x95,0xB0,0x00,0x08,0x20,0x49,0x20,0x2A,0x20,0x08,0x3E,0xFF,0x44,0x2A,0x44,0x49,0x44,0x88,0xA4,0x10,0x28,0xFE,0x28,0x22,0x10,0x42,0x10,0x64,0x28,0x18,0x28,0x34,0x44,0xC2,0x82},  /* 数 U+6570 */
    {0xE6,0x95,0xB4,0x00,0x08,0x20,0x08,0x20,0xFF,0xBE,0x08,0x44,0x7F,0xA4,0x49,0x24,0x7F,0x28,0x2A,0x10,0x49,0x28,0x88,0x46,0x00,0x00,0x7F,0xFC,0x01,0x00,0x11,0xF8,0x11,0x00,0xFF,0xFE},  /* 整 U+6574 */
    {0xE6,0x96,0x87,0x00,0x02,0x00,0x01,0x00,0x01,0x00,0xFF,0xFE,0x10,0x10,0x10,0x10,0x08,0x20,0x08,0x20,0x04,0x40,0x02,0x80,0x01,0x00,0x02,0x80,0x04,0x40,0x08,0x20,0x30,0x18,0xC0,0x06},  /* 文 U+6587 */
    {0xE6,0x96,0x9C,0x00,0x08,0x08,0x08,0x48,0x14,0x28,0x22,0x28,0x41,0x08,0xBE,0x48,0x08,0x28,0x08,0x28,0x7F,0x0E,0x08,0x78,0x2A,0x08,0x29,0x08,0x49,0x08,0x88,0x08,0x28,0x08,0x10,0x08},  /* 斜 U+659C */
    {0xE6,0x96,0xAD,0x00,0x04,0x00,0x04,0x04,0x55,0x78,0x4E,0x40,0x44,0x40,0x7F,0x40,0x44,0x7E,0x4E,0x48,0x55,0x48,0x65,0x48,0x44,0x48,0x44,0x48,0x40,0x48,0x7F,0x88,0x00,0x88,0x01,0x08},  /* 断 U+65AD */
    {0xE6,0x96,0xB0,0x00,0x10,0x00,0x08,0x04,0x7F,0x78,0x00,0x40,0x22,0x40,0x14,0x40,0xFF,0x7E,0x08,0x48,0x08,0x48,0x7F,0x48,0x08,0x48,0x2A,0x48,0x49,0x48,0x88,0x88,0x28,0x88,0x11,0x08},  /* 新 U+65B0 */
    {0xE6,0x96,0xB9,0x00,0x02,0x00,0x01,0x00,0x01,0x00,0xFF,0xFE,0x04,0x00,0x04,0x00,0x04,0x00,0x07,0xF0,0x04,0x10,0x04,0x10,0x04,0x10,0x08,0x10,0x08,0x10,0x10,0x10,0x20,0xA0,0x40,0x40},  /* 方 U+65B9 */
    {0xE6,0x97,0xA0,0x00,0x3F,0xF0,0x02,0x00,0x02,0x00,0x02,0x00,0x02,0x00,0x7F,0xFC,0x04,0x80,0x04,0x80,0x04,0x80,0x08,0x80,0x08,0x80,0x10,0x84,0x20,0x84,0x40,0x7C,0x80,0x00,0x00,0x00},  /* 无 U+65E0 */
    {0xE6,0x97,0xA2,0x00,0x7D,0xFC,0x44,0x20,0x44,0x20,0x7D,0x20,0x45,0x20,0x45,0xFE,0x7C,0x20,0x40,0x20,0x48,0x30,0x44,0x50,0x4A,0x50,0x52,0x92,0x60,0x92,0x41,0x0E,0x02,0x00,0x00,0x00},  /* 既 U+65E2 */
    {0xE6,0x97,0xA5,0x00,0x1F,0xF0,0x10,0x10,0x10,0x10,0x10,0x10,0x10,0x10,0x10,0x10,0x1F,0xF0,0x10,0x10,0x10,0x10,0x10,0x10,0x10,0x10,0x10,0x10,0x10,0x10,0x1F,0xF0,0x10,0x10,0x00,0x00},  /* 日 U+65E5 */
    {0xE6,0x97,0xA7,0x00,0x20,0x00,0x23,0xFC,0x22,0x04,0x22,0x04,0x22,0x04,0x22,0x04,0x22,0x04,0x23,0xFC,0x22,0x04,0x22,0x04,0x22,0x04,0x22,0x04,0x22,0x04,0x23,0xFC,0x22,0x04,0x20,0x00},  /* 旧 U+65E7 */
    {0xE6,0x97,0xA9,0x00,0x1F,0xF0,0x10,0x10,0x10,0x10,0x1F,0xF0,0x10,0x10,0x10,0x10,0x1F,0xF0,0x01,0x00,0x01,0x00,0xFF,0xFE,0x01,0x00,0x01,0x00,0x01,0x00,0x01,0x00,0x01,0x00,0x00,0x00},  /* 早 U+65E9 */
    {0xE6,0x97,0xB6,0x00,0x00,0x08,0x00,0x08,0x7C,0x08,0x44,0x08,0x45,0xFE,0x44,0x08,0x44,0x08,0x7C,0x08,0x44,0x88,0x44,0x48,0x44,0x48,0x44,0x08,0x7C,0x08,0x44,0x08,0x00,0x28,0x00,0x10},  /* 时 U+65F6 */
    {0xE6,0x98,0x8E,0x00,0x00,0xFC,0x7C,0x84,0x44,0x84,0x44,0x84,0x44,0xFC,0x7C,0x84,0x44,0x84,0x44,0x84,0x44,0xFC,0x7C,0x84,0x44,0x84,0x01,0x04,0x01,0x04,0x02,0x14,0x04,0x08,0x00,0x00},  /* 明 U+660E */
    {0xE6,0x98,0x93,0x00,0x0F,0xF0,0x08,0x10,0x08,0x10,0x0F,0xF0,0x08,0x10,0x08,0x10,0x0F,0xF0,0x04,0x00,0x08,0x00,0x1F,0xFC,0x22,0x44,0x42,0x44,0x04,0x84,0x08,0x84,0x11,0x28,0x02,0x10},  /* 易 U+6613 */
    {0xE6,0x98,0xA0,0x00,0x00,0x20,0x00,0x20,0x78,0x20,0x49,0xFC,0x49,0x24,0x49,0x24,0x79,0x24,0x49,0x24,0x49,0x24,0x4B,0xFE,0x48,0x20,0x78,0x50,0x48,0x50,0x00,0x88,0x01,0x04,0x02,0x02},  /* 映 U+6620 */
    {0xE6,0x98,0xAF,0x00,0x1F,0xF0,0x10,0x10,0x10,0x10,0x1F,0xF0,0x10,0x10,0x10,0x10,0x1F,0xF0,0x00,0x00,0xFF,0xFE,0x01,0x00,0x11,0x00,0x11,0xF8,0x11,0x00,0x29,0x00,0x45,0x00,0x83,0xFE},  /* 是 U+662F */
    {0xE6,0x98,0xBE,0x00,0x00,0x00,0x1F,0xF0,0x10,0x10,0x10,0x10,0x1F,0xF0,0x10,0x10,0x10,0x10,0x1F,0xF0,0x04,0x40,0x44,0x44,0x24,0x44,0x14,0x48,0x14,0x50,0x04,0x40,0xFF,0xFE,0x00,0x00},  /* 显 U+663E */
    {0xE6,0x99,0xAE,0x00,0x08,0x20,0x04,0x40,0x7F,0xFC,0x04,0x40,0x24,0x48,0x14,0x50,0xFF,0xFE,0x00,0x00,0x1F,0xF0,0x10,0x10,0x10,0x10,0x1F,0xF0,0x10,0x10,0x10,0x10,0x1F,0xF0,0x10,0x10},  /* 普 U+666E */
    {0xE6,0x99,0xAF,0x00,0x1F,0xF0,0x10,0x10,0x1F,0xF0,0x10,0x10,0x1F,0xF0,0x01,0x00,0xFF,0xFE,0x00,0x00,0x1F,0xF0,0x10,0x10,0x10,0x10,0x1F,0xF0,0x01,0x00,0x21,0x08,0x45,0x04,0x02,0x00},  /* 景 U+666F */
    {0xE6,0x9A,0x82,0x00,0x10,0x0C,0xFE,0xF0,0x20,0x80,0x48,0x80,0x7E,0xFE,0x08,0x88,0x0E,0x88,0xF9,0x08,0x4A,0x08,0x1F,0xF8,0x10,0x10,0x10,0x10,0x1F,0xF0,0x10,0x10,0x10,0x10,0x1F,0xF0},  /* 暂 U+6682 */
    {0xE6,0x9B,0xB4,0x00,0xFF,0xFE,0x01,0x00,0x01,0x00,0x3F,0xF8,0x21,0x08,0x21,0x08,0x3F,0xF8,0x21,0x08,0x21,0x08,0x3F,0xF8,0x11,0x00,0x0A,0x00,0x06,0x00,0x19,0xC0,0xE0,0x3E,0x00,0x00},  /* 更 U+66F4 */
    {0xE6,0x9B,0xBF,0x00,0x08,0x20,0x08,0x20,0x7E,0xFC,0x08,0x20,0xFE,0xFE,0x14,0x50,0x22,0x88,0x41,0x06,0x9F,0xF0,0x10,0x10,0x10,0x10,0x1F,0xF0,0x10,0x10,0x10,0x10,0x1F,0xF0,0x10,0x10},  /* 替 U+66FF */
    {0xE6,0x9C,0x80,0x00,0x1F,0xF0,0x10,0x10,0x1F,0xF0,0x10,0x10,0x1F,0xF0,0x00,0x00,0xFF,0xFE,0x22,0x00,0x3E,0xF8,0x22,0x88,0x3E,0x90,0x22,0x50,0x2F,0x20,0xF2,0x50,0x42,0x88,0x03,0x06},  /* 最 U+6700 */
    {0xE6,0x9C,0x89,0x00,0x02,0x00,0x02,0x00,0xFF,0xFE,0x04,0x00,0x04,0x00,0x0F,0xF0,0x08,0x10,0x18,0x10,0x2F,0xF0,0x48,0x10,0x88,0x10,0x0F,0xF0,0x08,0x10,0x08,0x10,0x08,0x50,0x08,0x20},  /* 有 U+6709 */
    {0xE6,0x9C,0x9F,0x00,0x22,0x00,0x22,0x7C,0x7F,0x44,0x22,0x44,0x22,0x44,0x3E,0x7C,0x22,0x44,0x22,0x44,0x3E,0x44,0x22,0x7C,0x22,0x44,0xFF,0x44,0x04,0x84,0x22,0x84,0x41,0x14,0x82,0x08},  /* 期 U+671F */
    {0xE6,0x9C,0xAA,0x00,0x01,0x00,0x01,0x00,0x01,0x00,0x3F,0xF8,0x01,0x00,0x01,0x00,0x01,0x00,0xFF,0xFE,0x03,0x80,0x05,0x40,0x09,0x20,0x11,0x10,0x21,0x08,0xC1,0x06,0x01,0x00,0x01,0x00},  /* 未 U+672A */
    {0xE6,0x9C,0xAB,0x00,0x01,0x00,0x01,0x00,0x01,0x00,0xFF,0xFE,0x01,0x00,0x01,0x00,0x01,0x00,0x7F,0xFC,0x03,0x80,0x05,0x40,0x09,0x20,0x11,0x10,0x21,0x08,0xC1,0x06,0x01,0x00,0x01,0x00},  /* 末 U+672B */
    {0xE6,0x9C,0xAC,0x00,0x01,0x00,0x01,0x00,0x01,0x00,0x01,0x00,0x7F,0xFC,0x03,0x80,0x05,0x40,0x05,0x40,0x09,0x20,0x11,0x10,0x21,0x08,0x4F,0xE4,0x81,0x02,0x01,0x00,0x01,0x00,0x01,0x00},  /* 本 U+672C */
    {0xE6,0x9C,0xAF,0x00,0x01,0x00,0x01,0x20,0x01,0x10,0x01,0x10,0x7F,0xFC,0x03,0x80,0x05,0x40,0x05,0x40,0x09,0x20,0x11,0x10,0x21,0x08,0x41,0x04,0x81,0x02,0x01,0x00,0x01,0x00,0x01,0x00},  /* 术 U+672F */
    {0xE6,0x9C,0xBA,0x00,0x10,0x00,0x11,0xF0,0x11,0x10,0x11,0x10,0xFD,0x10,0x11,0x10,0x31,0x10,0x39,0x10,0x55,0x10,0x55,0x10,0x91,0x10,0x11,0x12,0x11,0x12,0x12,0x12,0x12,0x0E,0x14,0x00},  /* 机 U+673A */
    {0xE6,0x9D,0x82,0x00,0x02,0x00,0x02,0x00,0x3F,0xE0,0x04,0x20,0x04,0x22,0x08,0x22,0x11,0x1E,0x61,0x00,0x01,0x00,0xFF,0xFE,0x01,0x00,0x09,0x20,0x11,0x10,0x21,0x08,0x45,0x04,0x02,0x00},  /* 杂 U+6742 */
    {0xE6,0x9D,0x83,0x00,0x10,0x00,0x13,0xFC,0x11,0x04,0x11,0x04,0xFD,0x04,0x10,0x88,0x30,0x88,0x38,0x88,0x54,0x50,0x54,0x50,0x90,0x20,0x10,0x20,0x10,0x50,0x10,0x88,0x11,0x04,0x16,0x02},  /* 权 U+6743 */
    {0xE6,0x9D,0x9F,0x00,0x01,0x00,0x01,0x00,0xFF,0xFE,0x01,0x00,0x01,0x00,0x3F,0xF8,0x21,0x08,0x21,0x08,0x21,0x08,0x3F,0xF8,0x23,0x88,0x05,0x40,0x09,0x20,0x31,0x18,0xC1,0x06,0x01,0x00},  /* 束 U+675F */
    {0xE6,0x9D,0xA0,0x00,0x10,0x00,0x10,0x00,0x11,0xFC,0x10,0x20,0xFC,0x20,0x10,0x20,0x30,0x20,0x38,0x20,0x54,0x20,0x54,0x20,0x90,0x20,0x10,0x20,0x10,0x20,0x10,0x20,0x13,0xFE,0x10,0x00},  /* 杠 U+6760 */
    {0xE6,0x9D,0xA1,0x00,0x04,0x00,0x04,0x00,0x0F,0xF0,0x18,0x20,0x64,0x40,0x03,0x80,0x1D,0x70,0xE1,0x0E,0x01,0x00,0x7F,0xFC,0x01,0x00,0x09,0x20,0x11,0x10,0x21,0x08,0x45,0x04,0x02,0x00},  /* 条 U+6761 */
    {0xE6,0x9D,0xA5,0x00,0x01,0x00,0x01,0x00,0x01,0x00,0x7F,0xFC,0x01,0x00,0x11,0x10,0x09,0x10,0x09,0x20,0xFF,0xFE,0x03,0x80,0x05,0x40,0x09,0x20,0x31,0x18,0xC1,0x06,0x01,0x00,0x01,0x00},  /* 来 U+6765 */
    {0xE6,0x9D,0xBE,0x00,0x10,0x10,0x10,0x90,0x10,0x90,0x10,0x88,0xFC,0x88,0x11,0x24,0x31,0x24,0x3A,0x22,0x54,0x40,0x54,0x40,0x90,0x88,0x10,0x84,0x11,0x04,0x13,0xFE,0x11,0x02,0x10,0x00},  /* 松 U+677E */
    {0xE6,0x9E,0x81,0x00,0x10,0x00,0x13,0xFC,0x10,0x84,0x10,0x88,0xFC,0x88,0x10,0x90,0x30,0x9C,0x38,0x84,0x55,0x44,0x55,0x44,0x91,0x28,0x11,0x28,0x12,0x10,0x12,0x28,0x14,0x44,0x11,0x82},  /* 极 U+6781 */
    {0xE6,0x9E,0x84,0x00,0x10,0x80,0x10,0x80,0x10,0x80,0x10,0xFC,0xFD,0x04,0x11,0x04,0x32,0x44,0x38,0x44,0x54,0x84,0x54,0xA4,0x91,0x14,0x11,0xF4,0x10,0x14,0x10,0x04,0x10,0x28,0x10,0x10},  /* 构 U+6784 */
    {0xE6,0x9E,0x90,0x00,0x10,0x08,0x10,0x1C,0x11,0xE0,0x11,0x00,0xFD,0x00,0x11,0x00,0x31,0xFE,0x39,0x10,0x55,0x10,0x51,0x10,0x91,0x10,0x11,0x10,0x11,0x10,0x12,0x10,0x12,0x10,0x14,0x10},  /* 析 U+6790 */
    {0xE6,0x9E,0x9A,0x00,0x10,0x40,0x10,0x40,0x10,0x40,0x10,0x80,0xFC,0xFE,0x11,0x08,0x32,0x88,0x38,0x88,0x54,0x88,0x54,0x50,0x90,0x50,0x10,0x20,0x10,0x50,0x10,0x88,0x11,0x04,0x12,0x02},  /* 枚 U+679A */
    {0xE6,0x9E,0x9C,0x00,0x1F,0xF0,0x11,0x10,0x11,0x10,0x1F,0xF0,0x11,0x10,0x11,0x10,0x1F,0xF0,0x11,0x10,0x01,0x00,0xFF,0xFE,0x05,0x40,0x09,0x20,0x31,0x18,0xC1,0x06,0x01,0x00,0x00,0x00},  /* 果 U+679C */
    {0xE6,0x9E,0xB6,0x00,0x08,0x00,0x08,0x00,0x7F,0x7C,0x09,0x44,0x11,0x44,0x11,0x44,0x25,0x7C,0x42,0x00,0x01,0x00,0x01,0x00,0xFF,0xFE,0x05,0x40,0x09,0x20,0x31,0x18,0xC1,0x06,0x01,0x00},  /* 架 U+67B6 */
    {0xE6,0x9F,0x90,0x00,0x08,0x20,0x08,0x20,0xFF,0xFE,0x08,0x20,0x08,0x20,0x0F,0xE0,0x08,0x20,0x08,0x20,0x0F,0xE0,0x01,0x00,0xFF,0xFE,0x05,0x40,0x09,0x20,0x31,0x18,0xC1,0x06,0x01,0x00},  /* 某 U+67D0 */
    {0xE6,0x9F,0x93,0x00,0x20,0x80,0x10,0x80,0x03,0xF0,0x40,0x90,0x21,0x10,0x09,0x12,0x12,0x12,0x64,0x0E,0x29,0x00,0x01,0x00,0xFF,0xFE,0x05,0x40,0x09,0x20,0x31,0x18,0xC1,0x06,0x01,0x00},  /* 染 U+67D3 */
    {0xE6,0x9F,0xA5,0x00,0x01,0x00,0x01,0x00,0xFF,0xFE,0x05,0x40,0x09,0x20,0x11,0x10,0x3F,0xF8,0xD0,0x16,0x10,0x10,0x1F,0xF0,0x10,0x10,0x10,0x10,0x1F,0xF0,0x00,0x00,0xFF,0xFE,0x00,0x00},  /* 查 U+67E5 */
    {0xE6,0xA0,0x87,0x00,0x10,0x00,0x11,0xFC,0x10,0x00,0x10,0x00,0xFC,0x00,0x13,0xFE,0x30,0x20,0x38,0x20,0x55,0x28,0x55,0x24,0x92,0x24,0x12,0x22,0x14,0x22,0x10,0x20,0x10,0xA0,0x10,0x40},  /* 标 U+6807 */
    {0xE6,0xA0,0x88,0x00,0x10,0x50,0x10,0x48,0x10,0x40,0x10,0x5C,0xFD,0xE0,0x10,0x40,0x30,0x5E,0x39,0xE0,0x54,0x44,0x50,0x48,0x90,0x30,0x10,0x22,0x10,0x52,0x10,0x8A,0x13,0x06,0x10,0x02},  /* 栈 U+6808 */
    {0xE6,0xA0,0x91,0x00,0x20,0x04,0x20,0x04,0x27,0x84,0x20,0x84,0xF8,0xBE,0x24,0x84,0x22,0x84,0x72,0xA4,0x69,0x14,0xA1,0x14,0xA2,0x84,0x22,0x84,0x24,0x84,0x28,0x04,0x20,0x14,0x20,0x08},  /* 树 U+6811 */
    {0xE6,0xA0,0xB7,0x00,0x11,0x04,0x10,0x84,0x10,0x88,0x10,0x00,0xFB,0xFE,0x10,0x20,0x30,0x20,0x39,0xFC,0x54,0x20,0x50,0x20,0x93,0xFE,0x10,0x20,0x10,0x20,0x10,0x20,0x10,0x20,0x10,0x20},  /* 样 U+6837 */
    {0xE6,0xA0,0xB8,0x00,0x10,0x20,0x10,0x10,0x10,0x10,0x13,0xFE,0xFC,0x20,0x10,0x42,0x30,0x84,0x39,0xF8,0x54,0x10,0x54,0x22,0x90,0xC4,0x13,0x08,0x10,0x10,0x10,0x28,0x10,0xC4,0x13,0x02},  /* 核 U+6838 */
    {0xE6,0xA0,0xB9,0x00,0x10,0x00,0x13,0xF8,0x12,0x08,0x12,0x08,0xFB,0xF8,0x12,0x08,0x32,0x08,0x3B,0xF8,0x56,0x44,0x52,0x48,0x92,0x30,0x12,0x20,0x12,0x10,0x12,0x88,0x13,0x06,0x12,0x00},  /* 根 U+6839 */
    {0xE6,0xA0,0xBC,0x00,0x10,0x80,0x10,0x80,0x10,0xF8,0x11,0x08,0xFB,0x10,0x14,0xA0,0x30,0x40,0x38,0xA0,0x55,0x18,0x52,0x06,0x95,0xF8,0x11,0x08,0x11,0x08,0x11,0x08,0x11,0xF8,0x11,0x08},  /* 格 U+683C */
    {0xE6,0xA1,0x86,0x00,0x10,0x00,0x11,0xFE,0x11,0x00,0x11,0x00,0xFD,0xFE,0x11,0x10,0x31,0x10,0x39,0x7C,0x55,0x10,0x55,0x10,0x91,0x10,0x11,0xFE,0x11,0x00,0x11,0x00,0x11,0xFE,0x10,0x00},  /* 框 U+6846 */
    {0xE6,0xA1,0x88,0x00,0x01,0x00,0x7F,0xFC,0x40,0x04,0x04,0x00,0xFF,0xFE,0x08,0x20,0x1E,0x40,0x03,0xC0,0x3C,0x38,0x01,0x00,0xFF,0xFE,0x05,0x40,0x09,0x20,0x31,0x18,0xC1,0x06,0x01,0x00},  /* 案 U+6848 */
    {0xE6,0xA1,0xA3,0x00,0x10,0x20,0x11,0x24,0x10,0xA4,0x10,0xA4,0xFC,0xA8,0x10,0x20,0x33,0xFC,0x38,0x04,0x54,0x04,0x50,0x04,0x91,0xFC,0x10,0x04,0x10,0x04,0x10,0x04,0x13,0xFC,0x10,0x04},  /* 档 U+6863 */
    {0xE6,0xA1,0xA5,0x00,0x20,0x10,0x20,0x78,0x23,0xC0,0x20,0x40,0xF8,0x40,0x27,0xFE,0x20,0xA0,0x71,0x10,0x6A,0x08,0xA5,0x16,0xA1,0x10,0x21,0x10,0x21,0x10,0x22,0x10,0x22,0x10,0x24,0x10},  /* 桥 U+6865 */
    {0xE6,0xA3,0x80,0x00,0x10,0x40,0x10,0x40,0x10,0xA0,0x10,0xA0,0xFD,0x10,0x12,0x08,0x35,0xF6,0x38,0x00,0x54,0x88,0x50,0x48,0x92,0x48,0x11,0x50,0x11,0x10,0x10,0x20,0x17,0xFE,0x10,0x00},  /* 检 U+68C0 */
    {0xE6,0xA7,0xBD,0x00,0x10,0x90,0x10,0x90,0x17,0xFE,0x10,0x90,0xFB,0xFC,0x12,0x94,0x33,0xFC,0x3A,0x94,0x57,0xFC,0x50,0x00,0x91,0xF8,0x11,0x08,0x11,0xF8,0x11,0x08,0x11,0xF8,0x11,0x08},  /* 槽 U+69FD */
    {0xE6,0xA8,0xA1,0x00,0x11,0x10,0x11,0x10,0x17,0xFC,0x11,0x10,0xFC,0x00,0x13,0xF8,0x32,0x08,0x3B,0xF8,0x56,0x08,0x53,0xF8,0x90,0x40,0x17,0xFC,0x10,0xA0,0x11,0x10,0x12,0x08,0x14,0x06},  /* 模 U+6A21 */
    {0xE6,0xA9,0x99,0x00,0x10,0x20,0x17,0xA4,0x10,0xA8,0x12,0x92,0xF9,0x14,0x12,0x08,0x35,0xF4,0x38,0x02,0x57,0xF8,0x52,0x08,0x92,0x08,0x13,0xF8,0x12,0x08,0x11,0x10,0x1F,0xFE,0x10,0x00},  /* 橙 U+6A59 */
    {0xE6,0xAC,0xA1,0x00,0x00,0x80,0x40,0x80,0x20,0x80,0x20,0xFC,0x01,0x04,0x09,0x08,0x0A,0x40,0x14,0x40,0x10,0x40,0xE0,0xA0,0x20,0xA0,0x21,0x10,0x21,0x10,0x22,0x08,0x24,0x04,0x08,0x02},  /* 次 U+6B21 */
    {0xE6,0xAC,0xA2,0x00,0x00,0x80,0x00,0x80,0xFC,0x80,0x04,0xFC,0x05,0x04,0x49,0x08,0x2A,0x40,0x14,0x40,0x10,0x40,0x28,0xA0,0x24,0xA0,0x45,0x10,0x81,0x10,0x02,0x08,0x04,0x04,0x08,0x02},  /* 欢 U+6B22 */
    {0xE6,0xAD,0xA2,0x00,0x01,0x00,0x01,0x00,0x01,0x00,0x01,0x00,0x11,0x00,0x11,0x00,0x11,0xF8,0x11,0x00,0x11,0x00,0x11,0x00,0x11,0x00,0x11,0x00,0x11,0x00,0x11,0x00,0xFF,0xFE,0x00,0x00},  /* 止 U+6B62 */
    {0xE6,0xAD,0xA3,0x00,0x00,0x00,0x7F,0xFC,0x01,0x00,0x01,0x00,0x01,0x00,0x01,0x00,0x11,0x00,0x11,0xF8,0x11,0x00,0x11,0x00,0x11,0x00,0x11,0x00,0x11,0x00,0x11,0x00,0xFF,0xFE,0x00,0x00},  /* 正 U+6B63 */
    {0xE6,0xAD,0xA4,0x00,0x04,0x40,0x04,0x40,0x04,0x40,0x24,0x44,0x24,0x48,0x27,0x50,0x24,0x60,0x24,0x40,0x24,0x40,0x24,0x40,0x24,0x40,0x24,0x42,0x2F,0x42,0xF0,0x42,0x40,0x3E,0x00,0x00},  /* 此 U+6B64 */
    {0xE6,0xAD,0xA5,0x00,0x01,0x00,0x01,0x00,0x11,0xF8,0x11,0x00,0x11,0x00,0x11,0x00,0xFF,0xFE,0x01,0x00,0x01,0x00,0x11,0x08,0x11,0x10,0x21,0x20,0x40,0xC0,0x03,0x00,0x1C,0x00,0xE0,0x00},  /* 步 U+6B65 */
    {0xE6,0xAD,0xBB,0x00,0xFF,0xFC,0x10,0x80,0x10,0x80,0x10,0x84,0x1E,0x88,0x22,0x90,0x22,0xA0,0x52,0xC0,0x8C,0x80,0x04,0x80,0x08,0x84,0x08,0x84,0x10,0x84,0x20,0x7C,0x40,0x00,0x00,0x00},  /* 死 U+6B7B */
    {0xE6,0xAE,0x8A,0x00,0x00,0x20,0x01,0x20,0xFD,0x20,0x21,0xFC,0x21,0x20,0x3E,0x20,0x44,0x20,0x47,0xFE,0x64,0x70,0x94,0xA8,0x08,0xA8,0x09,0x24,0x11,0x24,0x22,0x22,0x40,0x20,0x80,0x20},  /* 殊 U+6B8A */
    {0xE6,0xAE,0x8B,0x00,0x00,0x50,0x00,0x48,0xFC,0x40,0x20,0x5C,0x21,0xE0,0x3C,0x40,0x44,0x5E,0x47,0xE0,0x64,0x44,0x94,0x48,0x08,0x30,0x08,0x22,0x10,0x52,0x20,0x8A,0x43,0x06,0x80,0x02},  /* 残 U+6B8B */
    {0xE6,0xAE,0xB5,0x00,0x06,0x00,0x38,0xF8,0x20,0x88,0x20,0x88,0x20,0x88,0x3C,0x86,0x21,0x00,0x20,0x00,0x3D,0xFC,0x20,0x84,0x20,0x88,0x2C,0x50,0xF0,0x20,0x20,0x50,0x20,0x88,0x23,0x06},  /* 段 U+6BB5 */
    {0xE6,0xAF,0x8D,0x00,0x1F,0xF0,0x10,0x10,0x12,0x10,0x11,0x10,0x11,0x10,0xFF,0xFE,0x20,0x10,0x22,0x10,0x21,0x10,0x21,0x10,0x3F,0xFC,0x00,0x10,0x00,0x10,0x00,0xA0,0x00,0x40,0x00,0x00},  /* 母 U+6BCD */
    {0xE6,0xAF,0x8F,0x00,0x10,0x00,0x1F,0xFC,0x20,0x00,0x20,0x00,0x5F,0xF0,0x90,0x10,0x12,0x10,0x11,0x10,0xFF,0xFE,0x20,0x10,0x22,0x10,0x21,0x10,0x3F,0xFC,0x00,0x10,0x00,0xA0,0x00,0x40},  /* 每 U+6BCF */
    {0xE6,0xAF,0x94,0x00,0x00,0x80,0x20,0x80,0x20,0x80,0x20,0x84,0x20,0x88,0x20,0x90,0x3E,0xA0,0x20,0xC0,0x20,0x80,0x20,0x80,0x20,0x80,0x20,0x82,0x26,0x82,0x38,0x82,0x20,0x7E,0x00,0x00},  /* 比 U+6BD4 */
    {0xE6,0xAF,0x95,0x00,0x20,0x80,0x20,0x88,0x20,0xB0,0x3E,0xC0,0x20,0x80,0x20,0x84,0x26,0x84,0x38,0x7C,0x21,0x00,0x01,0x00,0xFF,0xFE,0x01,0x00,0x01,0x00,0x01,0x00,0x01,0x00,0x01,0x00},  /* 毕 U+6BD5 */
    {0xE6,0xB0,0xB4,0x00,0x01,0x00,0x01,0x00,0x01,0x00,0x01,0x08,0x01,0x08,0x7D,0x90,0x05,0xA0,0x09,0x40,0x09,0x40,0x11,0x20,0x11,0x10,0x21,0x08,0x41,0x06,0x81,0x00,0x05,0x00,0x02,0x00},  /* 水 U+6C34 */
    {0xE6,0xB0,0xB8,0x00,0x02,0x00,0x01,0x00,0x00,0x80,0x1F,0x00,0x01,0x04,0x01,0x08,0x7D,0x90,0x05,0xA0,0x05,0x40,0x09,0x40,0x09,0x20,0x11,0x10,0x21,0x08,0xC1,0x06,0x05,0x00,0x02,0x00},  /* 永 U+6C38 */
    {0xE6,0xB1,0x82,0x00,0x01,0x20,0x01,0x10,0x01,0x00,0x7F,0xFC,0x01,0x00,0x21,0x08,0x11,0x10,0x09,0xA0,0x03,0x40,0x05,0x20,0x09,0x10,0x11,0x08,0x61,0x06,0x01,0x00,0x05,0x00,0x02,0x00},  /* 求 U+6C42 */
    {0xE6,0xB2,0xA1,0x00,0x21,0xF0,0x11,0x10,0x11,0x10,0x81,0x10,0x42,0x10,0x54,0x0E,0x18,0x00,0x13,0xF8,0x22,0x08,0xE1,0x08,0x21,0x10,0x20,0xA0,0x20,0x40,0x21,0xB0,0x0E,0x0E,0x00,0x00},  /* 没 U+6CA1 */
    {0xE6,0xB3,0x95,0x00,0x00,0x40,0x20,0x40,0x10,0x40,0x10,0x40,0x87,0xFC,0x40,0x40,0x40,0x40,0x10,0x40,0x1F,0xFE,0x20,0x40,0xE0,0x80,0x21,0x00,0x22,0x10,0x24,0x08,0x2F,0xFC,0x04,0x04},  /* 法 U+6CD5 */
    {0xE6,0xB3,0xA8,0x00,0x00,0x80,0x20,0x40,0x10,0x00,0x17,0xFC,0x80,0x40,0x40,0x40,0x40,0x40,0x10,0x40,0x13,0xFC,0x20,0x40,0xE0,0x40,0x20,0x40,0x20,0x40,0x20,0x40,0x2F,0xFE,0x00,0x00},  /* 注 U+6CE8 */
    {0xE6,0xB5,0x81,0x00,0x00,0x80,0x20,0x40,0x17,0xFE,0x10,0x80,0x81,0x10,0x42,0x08,0x47,0xFC,0x10,0x04,0x10,0x00,0x22,0x48,0xE2,0x48,0x22,0x48,0x22,0x48,0x22,0x4A,0x24,0x4A,0x08,0x46},  /* 流 U+6D41 */
    {0xE6,0xB5,0x85,0x00,0x00,0xA0,0x20,0x90,0x10,0x80,0x10,0xB8,0x87,0xC0,0x40,0x80,0x40,0xBC,0x17,0xC0,0x10,0x88,0x20,0x90,0xE0,0x60,0x20,0x44,0x20,0xA4,0x21,0x14,0x26,0x0C,0x00,0x04},  /* 浅 U+6D45 */
    {0xE6,0xB5,0x8B,0x00,0x00,0x04,0x27,0xC4,0x14,0x44,0x14,0x54,0x85,0x54,0x45,0x54,0x45,0x54,0x15,0x54,0x15,0x54,0x25,0x54,0xE5,0x54,0x21,0x04,0x22,0x84,0x22,0x44,0x24,0x14,0x08,0x08},  /* 测 U+6D4B */
    {0xE6,0xB5,0x8F,0x00,0x02,0x04,0x41,0x04,0x21,0x04,0x2F,0xE4,0x00,0x94,0x84,0x94,0x42,0x94,0x52,0x94,0x11,0x14,0x21,0x14,0xE2,0x94,0x22,0x94,0x24,0x44,0x28,0x44,0x30,0x14,0x00,0x08},  /* 浏 U+6D4F */
    {0xE6,0xB6,0x88,0x00,0x00,0x40,0x22,0x48,0x11,0x48,0x11,0x50,0x80,0x40,0x43,0xF8,0x4A,0x08,0x0A,0x08,0x13,0xF8,0x12,0x08,0xE2,0x08,0x23,0xF8,0x22,0x08,0x22,0x08,0x22,0x28,0x02,0x10},  /* 消 U+6D88 */
    {0xE6,0xB7,0xB1,0x00,0x27,0xFC,0x14,0x04,0x14,0xA4,0x81,0x10,0x42,0x08,0x40,0x40,0x10,0x40,0x17,0xFC,0x20,0x40,0xE0,0xE0,0x21,0x50,0x22,0x48,0x2C,0x46,0x20,0x40,0x00,0x40,0x00,0x00},  /* 深 U+6DF1 */
    {0xE6,0xB7,0xB9,0x00,0x00,0x40,0x20,0x80,0x17,0xFE,0x11,0x10,0x82,0x48,0x44,0x46,0x43,0xF8,0x12,0x48,0x12,0x48,0x23,0xF8,0xE2,0x48,0x22,0x48,0x23,0xF8,0x20,0x42,0x20,0x42,0x00,0x3E},  /* 淹 U+6DF9 */
    {0xE6,0xB7,0xBB,0x00,0x23,0xFC,0x10,0x40,0x10,0x40,0x87,0xFE,0x40,0xA0,0x41,0x10,0x12,0x08,0x14,0x46,0x20,0x40,0xE0,0x48,0x22,0x64,0x22,0x52,0x24,0x52,0x21,0x40,0x00,0x80,0x00,0x00},  /* 添 U+6DFB */
    {0xE6,0xB8,0x85,0x00,0x20,0x40,0x10,0x40,0x17,0xFC,0x00,0x40,0x83,0xF8,0x40,0x40,0x4F,0xFE,0x08,0x00,0x13,0xF8,0x12,0x08,0x13,0xF8,0xE2,0x08,0x23,0xF8,0x22,0x08,0x22,0x28,0x02,0x10},  /* 清 U+6E05 */
    {0xE6,0xB8,0x90,0x00,0x01,0x00,0x41,0x02,0x21,0x1C,0x2F,0xD0,0x02,0x10,0x82,0x10,0x45,0x1E,0x57,0xD4,0x11,0x14,0x21,0x14,0xE1,0xD4,0x2F,0x14,0x25,0x14,0x21,0x24,0x21,0x24,0x01,0x44},  /* 渐 U+6E10 */
    {0xE6,0xB8,0xB2,0x00,0x00,0x80,0x40,0x40,0x27,0xFC,0x24,0x04,0x08,0x08,0x83,0xF8,0x40,0x00,0x53,0xF8,0x12,0x08,0x23,0xF8,0xE2,0x08,0x23,0xF8,0x22,0x08,0x20,0x00,0x27,0xFC,0x00,0x00},  /* 渲 U+6E32 */
    {0xE6,0xBA,0x83,0x00,0x00,0x40,0x20,0x40,0x13,0xF8,0x12,0x48,0x83,0xF8,0x40,0x40,0x4F,0xFE,0x10,0x00,0x13,0xF8,0x22,0x08,0xE2,0x48,0x22,0x48,0x22,0x48,0x20,0xA0,0x21,0x10,0x06,0x08},  /* 溃 U+6E83 */
    {0xE6,0xBA,0x90,0x00,0x27,0xFE,0x14,0x20,0x14,0x40,0x85,0xFC,0x45,0x04,0x45,0xFC,0x15,0x04,0x15,0xFC,0x25,0x24,0xE4,0x20,0x24,0xA8,0x29,0x24,0x2A,0x22,0x30,0xA0,0x00,0x40,0x00,0x00},  /* 源 U+6E90 */
    {0xE6,0xBA,0xA2,0x00,0x02,0x08,0x21,0x08,0x11,0x10,0x10,0x00,0x87,0xFC,0x40,0x00,0x41,0x10,0x12,0x08,0x14,0x04,0x23,0xF8,0xE2,0xA8,0x22,0xA8,0x22,0xA8,0x22,0xA8,0x2F,0xFE,0x00,0x00},  /* 溢 U+6EA2 */
    {0xE6,0xBB,0x9A,0x00,0x00,0x80,0x20,0x40,0x17,0xFC,0x11,0x10,0x82,0x48,0x44,0x84,0x41,0x20,0x13,0xF0,0x10,0x10,0x20,0x88,0xE1,0x50,0x23,0x20,0x25,0x10,0x29,0x48,0x21,0x86,0x01,0x00},  /* 滚 U+6EDA */
    {0xE6,0xBB,0xA1,0x00,0x01,0x08,0x21,0x08,0x17,0xFE,0x11,0x08,0x80,0x00,0x47,0xFE,0x40,0x90,0x10,0x90,0x17,0xFE,0x24,0x92,0xE4,0x92,0x25,0x6A,0x26,0x46,0x24,0x02,0x24,0x0A,0x04,0x04},  /* 满 U+6EE1 */
    {0xE6,0xBB,0xA4,0x00,0x00,0x40,0x20,0x7C,0x10,0x40,0x17,0xFE,0x84,0x42,0x44,0x70,0x47,0xC4,0x14,0x44,0x14,0x3C,0x24,0x20,0xE4,0x10,0x24,0x54,0x25,0x42,0x29,0x42,0x29,0x4A,0x12,0x38},  /* 滤 U+6EE4 */
    {0xE6,0xBC,0x8F,0x00,0x47,0xFE,0x24,0x02,0x24,0x02,0x07,0xFE,0x84,0x00,0x47,0xFE,0x54,0x20,0x17,0xFE,0x26,0x22,0xE6,0xAA,0x2A,0x22,0x2A,0xAA,0x32,0x22,0x22,0x2A,0x02,0x04,0x00,0x00},  /* 漏 U+6F0F */
    {0xE7,0x81,0x8C,0x00,0x01,0x10,0x4F,0xFE,0x21,0x10,0x27,0xBC,0x04,0xA4,0x87,0xBC,0x41,0x40,0x51,0x20,0x13,0xFE,0x22,0x20,0xE7,0xFC,0x2A,0x20,0x23,0xFC,0x22,0x20,0x23,0xFE,0x02,0x00},  /* 灌 U+704C */
    {0xE7,0x82,0xB9,0x00,0x02,0x00,0x02,0x00,0x02,0x00,0x03,0xFC,0x02,0x00,0x02,0x00,0x3F,0xF0,0x20,0x10,0x20,0x10,0x20,0x10,0x3F,0xF0,0x00,0x00,0x24,0x88,0x22,0x44,0x42,0x44,0x80,0x04},  /* 点 U+70B9 */
    {0xE7,0x83,0x81,0x00,0x10,0x08,0x10,0x1C,0x11,0xE0,0x11,0x00,0x55,0x20,0x59,0x20,0x51,0x20,0x91,0xFE,0x10,0x20,0x10,0x20,0x10,0xA8,0x28,0xA4,0x25,0x22,0x46,0x22,0x40,0xA0,0x80,0x40},  /* 烁 U+70C1 */
    {0xE7,0x83,0xAD,0x00,0x10,0x40,0x10,0x40,0x10,0x40,0xFD,0xF8,0x10,0x48,0x10,0x48,0x1C,0xC8,0x30,0x48,0xD0,0xAA,0x10,0xAA,0x51,0x06,0x22,0x02,0x00,0x00,0x48,0x88,0x44,0x44,0x84,0x44},  /* 热 U+70ED */
    {0xE7,0x84,0xB6,0x00,0x10,0x20,0x10,0x28,0x1E,0x24,0x22,0x20,0x33,0xFE,0x4A,0x20,0xA4,0x50,0x14,0x50,0x08,0x88,0x10,0x88,0x21,0x04,0x42,0x02,0x00,0x00,0x48,0x88,0x44,0x44,0x84,0x44},  /* 然 U+7136 */
    {0xE7,0x85,0xA7,0x00,0x7D,0xFC,0x44,0x44,0x44,0x44,0x44,0x44,0x44,0x94,0x7D,0x08,0x44,0xFC,0x44,0x84,0x44,0x84,0x44,0x84,0x7C,0xFC,0x00,0x00,0x48,0x88,0x44,0x44,0x84,0x44,0x00,0x00},  /* 照 U+7167 */
    {0xE7,0x88,0xB6,0x00,0x04,0x40,0x08,0x20,0x10,0x10,0x20,0x08,0x40,0x24,0x08,0x20,0x08,0x20,0x04,0x40,0x04,0x40,0x02,0x80,0x01,0x00,0x02,0x80,0x04,0x40,0x08,0x20,0x30,0x18,0xC0,0x06},  /* 父 U+7236 */
    {0xE7,0x89,0x88,0x00,0x08,0x08,0x48,0x1C,0x49,0xE0,0x49,0x00,0x49,0x00,0x7D,0xFC,0x41,0x44,0x41,0x44,0x79,0x44,0x49,0x28,0x49,0x28,0x49,0x10,0x49,0x10,0x4A,0x28,0x4A,0x44,0x8C,0x82},  /* 版 U+7248 */
    {0xE7,0x89,0xA9,0x00,0x10,0x80,0x10,0x80,0x50,0x80,0x50,0xFC,0x7D,0x54,0x52,0x54,0x90,0x54,0x10,0x94,0x1C,0x94,0xF1,0x24,0x52,0x24,0x10,0x44,0x10,0x44,0x10,0x84,0x11,0x28,0x10,0x10},  /* 物 U+7269 */
    {0xE7,0x89,0xB9,0x00,0x10,0x20,0x10,0x20,0x50,0x20,0x51,0xFC,0x7C,0x20,0x50,0x20,0x93,0xFE,0x10,0x08,0x1C,0x08,0xF1,0xFE,0x50,0x08,0x10,0x88,0x10,0x48,0x10,0x08,0x10,0x28,0x10,0x10},  /* 特 U+7279 */
    {0xE7,0x8A,0xB6,0x00,0x08,0x40,0x08,0x48,0x08,0x44,0x48,0x44,0x28,0x40,0x2F,0xFE,0x08,0x40,0x08,0x40,0x18,0x40,0x28,0xA0,0xC8,0xA0,0x08,0x90,0x09,0x10,0x09,0x08,0x0A,0x04,0x0C,0x02},  /* 状 U+72B6 */
    {0xE7,0x8B,0xAC,0x00,0x00,0x20,0x44,0x20,0x28,0x20,0x11,0xFC,0x29,0x24,0x49,0x24,0x89,0x24,0x09,0x24,0x19,0xFC,0x29,0x24,0x48,0x20,0x88,0x28,0x08,0x24,0x0B,0xFE,0x51,0x02,0x20,0x00},  /* 独 U+72EC */
    {0xE7,0x8C,0x9C,0x00,0x00,0x20,0x44,0x20,0x2B,0xFE,0x10,0x20,0x29,0xFC,0x48,0x20,0x8B,0xFE,0x08,0x00,0x19,0xFC,0x29,0x04,0x49,0xFC,0x89,0x04,0x09,0xFC,0x09,0x04,0x51,0x14,0x21,0x08},  /* 猜 U+731C */
    {0xE7,0x8E,0x87,0x00,0x02,0x00,0x01,0x00,0x7F,0xFC,0x02,0x00,0x44,0x44,0x2F,0x88,0x11,0x10,0x22,0x48,0x4F,0xE4,0x00,0x20,0x01,0x00,0xFF,0xFE,0x01,0x00,0x01,0x00,0x01,0x00,0x01,0x00},  /* 率 U+7387 */
    {0xE7,0x8E,0xAF,0x00,0x00,0x00,0xFD,0xFE,0x10,0x10,0x10,0x10,0x10,0x20,0x10,0x20,0x7C,0x68,0x10,0xA4,0x11,0x22,0x12,0x22,0x10,0x20,0x1C,0x20,0xE0,0x20,0x40,0x20,0x00,0x20,0x00,0x00},  /* 环 U+73AF */
    {0xE7,0x8E,0xB0,0x00,0x01,0xFC,0xFD,0x04,0x11,0x04,0x11,0x24,0x11,0x24,0x11,0x24,0x7D,0x24,0x11,0x24,0x11,0x54,0x10,0x50,0x10,0x90,0x1C,0x90,0xE1,0x12,0x42,0x12,0x04,0x0E,0x00,0x00},  /* 现 U+73B0 */
    {0xE7,0x90,0x86,0x00,0x00,0x00,0x01,0xFC,0xFD,0x24,0x11,0x24,0x11,0xFC,0x11,0x24,0x11,0x24,0x7D,0xFC,0x10,0x20,0x10,0x20,0x11,0xFC,0x10,0x20,0x1C,0x20,0xE0,0x20,0x43,0xFE,0x00,0x00},  /* 理 U+7406 */
    {0xE7,0x94,0x9A,0x00,0x08,0x20,0x08,0x20,0x7F,0xFC,0x08,0x20,0x08,0x20,0x0F,0xE0,0x08,0x20,0x08,0x20,0x0F,0xE0,0x08,0x20,0x08,0x20,0xFF,0xFE,0x12,0x20,0x14,0x10,0x10,0x00,0x1F,0xF8},  /* 甚 U+751A */
    {0xE7,0x94,0x9F,0x00,0x01,0x00,0x11,0x00,0x11,0x00,0x11,0x00,0x3F,0xFC,0x21,0x00,0x41,0x00,0x81,0x00,0x01,0x00,0x3F,0xF8,0x01,0x00,0x01,0x00,0x01,0x00,0x01,0x00,0xFF,0xFE,0x00,0x00},  /* 生 U+751F */
    {0xE7,0x94,0xA8,0x00,0x3F,0xF8,0x21,0x08,0x21,0x08,0x21,0x08,0x3F,0xF8,0x21,0x08,0x21,0x08,0x21,0x08,0x3F,0xF8,0x21,0x08,0x21,0x08,0x21,0x08,0x41,0x08,0x41,0x28,0x80,0x10,0x00,0x00},  /* 用 U+7528 */
    {0xE7,0x94,0xB1,0x00,0x01,0x00,0x01,0x00,0x01,0x00,0x01,0x00,0x3F,0xF8,0x21,0x08,0x21,0x08,0x21,0x08,0x21,0x08,0x3F,0xF8,0x21,0x08,0x21,0x08,0x21,0x08,0x21,0x08,0x3F,0xF8,0x20,0x08},  /* 由 U+7531 */
    {0xE7,0x94,0xB5,0x00,0x01,0x00,0x01,0x00,0x01,0x00,0x3F,0xF8,0x21,0x08,0x21,0x08,0x21,0x08,0x3F,0xF8,0x21,0x08,0x21,0x08,0x21,0x08,0x3F,0xF8,0x21,0x0A,0x01,0x02,0x01,0x02,0x00,0xFE},  /* 电 U+7535 */
    {0xE7,0x94,0xBB,0x00,0xFF,0xFE,0x00,0x00,0x00,0x00,0x4F,0xE4,0x49,0x24,0x49,0x24,0x4F,0xE4,0x49,0x24,0x49,0x24,0x49,0x24,0x4F,0xE4,0x40,0x04,0x40,0x04,0x7F,0xFC,0x00,0x04,0x00,0x00},  /* 画 U+753B */
    {0xE7,0x95,0x8C,0x00,0x1F,0xF0,0x11,0x10,0x11,0x10,0x1F,0xF0,0x11,0x10,0x11,0x10,0x1F,0xF0,0x02,0x80,0x0C,0x60,0x34,0x58,0xC4,0x46,0x04,0x40,0x08,0x40,0x08,0x40,0x10,0x40,0x00,0x00},  /* 界 U+754C */
    {0xE7,0x95,0x99,0x00,0x06,0x00,0x78,0xFC,0x40,0x44,0x48,0x44,0x44,0x44,0x5A,0x94,0x61,0x08,0x00,0x00,0x3F,0xF8,0x21,0x08,0x21,0x08,0x3F,0xF8,0x21,0x08,0x21,0x08,0x3F,0xF8,0x20,0x08},  /* 留 U+7559 */
    {0xE7,0x95,0xA5,0x00,0x00,0x80,0x00,0x80,0xF8,0xF8,0xA9,0x08,0xAB,0x10,0xAC,0xA0,0xF8,0x40,0xA8,0xA0,0xA9,0x18,0xAA,0x06,0xAD,0xF8,0xF9,0x08,0x89,0x08,0x01,0x08,0x01,0xF8,0x01,0x08},  /* 略 U+7565 */
    {0xE7,0x96,0x8F,0x00,0x00,0x20,0x00,0x10,0x7D,0xFE,0x04,0x20,0x08,0x48,0x10,0x84,0x51,0xFE,0x50,0x02,0x5C,0xA8,0x50,0xA8,0x50,0xA8,0x50,0xA8,0x5D,0x2A,0x71,0x2A,0xC2,0x2A,0x04,0x06},  /* 疏 U+758F */
    {0xE7,0x99,0xBB,0x00,0x00,0x80,0x3E,0x90,0x02,0xA4,0x24,0x48,0x14,0x50,0x08,0x20,0x17,0xD0,0x20,0x08,0xDF,0xF6,0x10,0x10,0x10,0x10,0x1F,0xF0,0x08,0x20,0x04,0x40,0x7F,0xFC,0x00,0x00},  /* 登 U+767B */
    {0xE7,0x99,0xBD,0x00,0x01,0x00,0x02,0x00,0x04,0x00,0x3F,0xF8,0x20,0x08,0x20,0x08,0x20,0x08,0x20,0x08,0x3F,0xF8,0x20,0x08,0x20,0x08,0x20,0x08,0x20,0x08,0x20,0x08,0x3F,0xF8,0x20,0x08},  /* 白 U+767D */
    {0xE7,0x9A,0x84,0x00,0x10,0x40,0x10,0x40,0x20,0x40,0x7E,0x7C,0x42,0x84,0x42,0x84,0x43,0x04,0x42,0x44,0x7E,0x24,0x42,0x24,0x42,0x04,0x42,0x04,0x42,0x04,0x7E,0x04,0x42,0x28,0x00,0x10},  /* 的 U+7684 */
    {0xE7,0x9B,0x90,0x00,0x08,0x20,0x08,0x20,0x7F,0x20,0x08,0x28,0x08,0x24,0x0F,0x22,0xF0,0x20,0x40,0x20,0x00,0x00,0x3F,0xF8,0x24,0x48,0x24,0x48,0x24,0x48,0x24,0x48,0xFF,0xFE,0x00,0x00},  /* 盐 U+76D0 */
    {0xE7,0x9B,0x96,0x00,0x08,0x20,0x04,0x40,0x7F,0xFC,0x01,0x00,0x01,0x00,0x3F,0xF8,0x01,0x00,0x01,0x00,0xFF,0xFE,0x00,0x00,0x00,0x00,0x3F,0xF8,0x24,0x48,0x24,0x48,0x24,0x48,0xFF,0xFE},  /* 盖 U+76D6 */
    {0xE7,0x9B,0x98,0x00,0x02,0x00,0x04,0x00,0x1F,0xF0,0x11,0x10,0x10,0x90,0xFF,0xFE,0x10,0x10,0x12,0x10,0x21,0x50,0x40,0x20,0x3F,0xF8,0x24,0x48,0x24,0x48,0x24,0x48,0xFF,0xFE,0x00,0x00},  /* 盘 U+76D8 */
    {0xE7,0x9B,0xAE,0x00,0x3F,0xF8,0x20,0x08,0x20,0x08,0x20,0x08,0x3F,0xF8,0x20,0x08,0x20,0x08,0x20,0x08,0x3F,0xF8,0x20,0x08,0x20,0x08,0x20,0x08,0x20,0x08,0x3F,0xF8,0x20,0x08,0x00,0x00},  /* 目 U+76EE */
    {0xE7,0x9B,0xB4,0x00,0x01,0x00,0x01,0x00,0x7F,0xFC,0x01,0x00,0x1F,0xF0,0x10,0x10,0x10,0x10,0x1F,0xF0,0x10,0x10,0x1F,0xF0,0x10,0x10,0x1F,0xF0,0x10,0x10,0x10,0x10,0xFF,0xFE,0x00,0x00},  /* 直 U+76F4 */
    {0xE7,0x9B,0xB8,0x00,0x08,0x00,0x08,0xFC,0x08,0x84,0x08,0x84,0xFE,0x84,0x08,0xFC,0x18,0x84,0x1C,0x84,0x2A,0x84,0x2A,0xFC,0x48,0x84,0x88,0x84,0x08,0x84,0x08,0x84,0x08,0xFC,0x08,0x84},  /* 相 U+76F8 */
    {0xE7,0x9C,0x81,0x00,0x01,0x00,0x11,0x10,0x11,0x08,0x21,0x24,0x40,0xC0,0x03,0x00,0x0C,0x00,0x3F,0xF8,0xD0,0x08,0x1F,0xF8,0x10,0x08,0x1F,0xF8,0x10,0x08,0x10,0x08,0x1F,0xF8,0x10,0x08},  /* 省 U+7701 */
    {0xE7,0x9C,0x8B,0x00,0x00,0xF8,0x7F,0x00,0x01,0x00,0x3F,0xF8,0x02,0x00,0xFF,0xFE,0x04,0x00,0x08,0x00,0x1F,0xF0,0x28,0x10,0x4F,0xF0,0x88,0x10,0x0F,0xF0,0x08,0x10,0x0F,0xF0,0x08,0x10},  /* 看 U+770B */
    {0xE7,0x9C,0x9F,0x00,0x01,0x00,0x01,0x00,0x7F,0xFC,0x01,0x00,0x1F,0xF0,0x10,0x10,0x1F,0xF0,0x10,0x10,0x1F,0xF0,0x10,0x10,0x1F,0xF0,0x10,0x10,0xFF,0xFE,0x08,0x20,0x10,0x10,0x20,0x08},  /* 真 U+771F */
    {0xE7,0x9D,0x80,0x00,0x08,0x20,0x04,0x40,0x7F,0xFC,0x01,0x00,0x3F,0xF8,0x02,0x00,0xFF,0xFE,0x04,0x00,0x0F,0xF0,0x18,0x10,0x2F,0xF0,0xC8,0x10,0x0F,0xF0,0x08,0x10,0x0F,0xF0,0x08,0x10},  /* 着 U+7740 */
    {0xE7,0x9E,0xAC,0x00,0x00,0x3C,0x07,0xC0,0xF0,0x44,0x92,0x24,0x91,0x08,0xF7,0xFE,0x94,0x02,0x9A,0x08,0xF2,0x08,0x93,0xBE,0x94,0x88,0x9A,0xA8,0xF1,0x3E,0x92,0x08,0x04,0x08,0x08,0x08},  /* 瞬 U+77AC */
    {0xE7,0x9F,0xA5,0x00,0x20,0x00,0x20,0x00,0x20,0x7C,0x7E,0x44,0x48,0x44,0x88,0x44,0x08,0x44,0x08,0x44,0xFF,0x44,0x08,0x44,0x14,0x44,0x14,0x44,0x22,0x7C,0x22,0x44,0x42,0x00,0x80,0x00},  /* 知 U+77E5 */
    {0xE7,0x9F,0xA9,0x00,0x20,0x00,0x21,0xFE,0x3D,0x00,0x51,0x00,0x91,0x00,0x11,0xFC,0x11,0x04,0xFF,0x04,0x11,0x04,0x11,0x04,0x11,0xFC,0x29,0x00,0x25,0x00,0x45,0x00,0x41,0xFE,0x80,0x00},  /* 矩 U+77E9 */
    {0xE7,0x9F,0xAD,0x00,0x20,0x00,0x21,0xFE,0x3C,0x00,0x50,0x00,0x90,0xFC,0x10,0x84,0x10,0x84,0xFE,0x84,0x10,0xFC,0x10,0x00,0x10,0x84,0x28,0x44,0x24,0x48,0x44,0x00,0x41,0xFE,0x80,0x00},  /* 短 U+77ED */
    {0xE7,0xA0,0x81,0x00,0x01,0xF8,0xFC,0x08,0x10,0x08,0x10,0x88,0x20,0x88,0x3C,0x88,0x64,0xFE,0x64,0x02,0xA4,0x02,0x24,0x02,0x25,0xFA,0x3C,0x02,0x24,0x02,0x20,0x14,0x00,0x08,0x00,0x00},  /* 码 U+7801 */
    {0xE7,0xA0,0xB4,0x00,0x00,0x10,0x00,0x10,0xFC,0x10,0x11,0xFE,0x11,0x12,0x21,0x14,0x3D,0x10,0x65,0xFC,0x65,0x44,0xA5,0x44,0x25,0x28,0x25,0x28,0x3D,0x10,0x26,0x28,0x22,0x44,0x04,0x82},  /* 破 U+7834 */
    {0xE7,0xA1,0xAC,0x00,0x01,0xFE,0xFC,0x20,0x10,0x20,0x11,0xFC,0x21,0x24,0x3D,0x24,0x65,0xFC,0x65,0x24,0xA5,0x24,0x25,0xFC,0x25,0x20,0x3C,0xA0,0x24,0x40,0x20,0xB0,0x03,0x0E,0x00,0x00},  /* 硬 U+786C */
    {0xE7,0xA1,0xAE,0x00,0x00,0x40,0x00,0x40,0xFC,0x7C,0x10,0x84,0x11,0x08,0x22,0xFE,0x3C,0x92,0x64,0x92,0x64,0xFE,0xA4,0x92,0x24,0x92,0x24,0xFE,0x3C,0x92,0x25,0x12,0x21,0x0A,0x02,0x04},  /* 确 U+786E */
    {0xE7,0xA2,0xB0,0x00,0x01,0x08,0x00,0x90,0xF8,0x00,0x23,0xFC,0x20,0x90,0x40,0x90,0x78,0x92,0x4C,0x92,0xCA,0x94,0x4A,0x98,0x48,0x90,0x48,0x90,0x78,0x90,0x48,0x90,0x07,0xFE,0x00,0x00},  /* 碰 U+78B0 */
    {0xE7,0xA3,0x81,0x00,0x01,0x08,0x00,0x88,0xF0,0x90,0x27,0xFE,0x21,0x08,0x41,0x08,0x72,0x10,0xD2,0x94,0x54,0xA4,0x57,0x38,0x51,0x08,0x52,0x10,0x72,0x10,0x54,0xA4,0x07,0xBC,0x00,0x84},  /* 磁 U+78C1 */
    {0xE7,0xA4,0xBA,0x00,0x3F,0xF8,0x00,0x00,0x00,0x00,0x00,0x00,0x00,0x00,0xFF,0xFE,0x01,0x00,0x01,0x00,0x11,0x10,0x11,0x08,0x21,0x04,0x41,0x02,0x81,0x02,0x05,0x00,0x02,0x00,0x00,0x00},  /* 示 U+793A */
    {0xE7,0xA6,0x81,0x00,0x08,0x20,0x08,0x20,0x7E,0xFC,0x1C,0x70,0x2A,0xA8,0x49,0x26,0x8A,0x20,0x00,0x00,0x1F,0xF0,0x00,0x00,0x00,0x00,0xFF,0xFE,0x01,0x00,0x11,0x10,0x25,0x08,0x42,0x04},  /* 禁 U+7981 */
    {0xE7,0xA6,0xBB,0x00,0x02,0x00,0x01,0x00,0xFF,0xFE,0x00,0x00,0x14,0x50,0x13,0x90,0x14,0x50,0x1F,0xF0,0x01,0x00,0x7F,0xFC,0x42,0x04,0x44,0x44,0x4F,0xE4,0x44,0x24,0x40,0x14,0x40,0x08},  /* 离 U+79BB */
    {0xE7,0xA7,0x8D,0x00,0x08,0x20,0x1C,0x20,0xF0,0x20,0x10,0x20,0x11,0xFC,0xFD,0x24,0x11,0x24,0x31,0x24,0x39,0x24,0x55,0xFC,0x55,0x24,0x90,0x20,0x10,0x20,0x10,0x20,0x10,0x20,0x10,0x20},  /* 种 U+79CD */
    {0xE7,0xA7,0x92,0x00,0x08,0x20,0x1C,0x20,0xF0,0x20,0x10,0xA8,0x10,0xA4,0xFC,0xA2,0x11,0x22,0x31,0x20,0x3A,0x24,0x54,0x24,0x54,0x28,0x90,0x08,0x10,0x10,0x10,0x20,0x10,0xC0,0x13,0x00},  /* 秒 U+79D2 */
    {0xE7,0xA7,0xAF,0x00,0x04,0x00,0x0E,0x00,0x78,0xFC,0x08,0x84,0x08,0x84,0xFF,0x84,0x08,0x84,0x18,0x84,0x1C,0xFC,0x2A,0x84,0x2A,0x00,0x48,0x48,0x88,0x44,0x08,0x84,0x08,0x82,0x09,0x02},  /* 积 U+79EF */
    {0xE7,0xA7,0xB0,0x00,0x08,0x80,0x1C,0x80,0xF0,0x80,0x10,0xFE,0x11,0x02,0xFD,0x04,0x12,0x20,0x30,0x20,0x38,0xA8,0x54,0xA4,0x51,0x24,0x91,0x22,0x12,0x22,0x10,0x20,0x10,0xA0,0x10,0x40},  /* 称 U+79F0 */
    {0xE7,0xA7,0xBB,0x00,0x08,0x20,0x1C,0x20,0xF0,0x7C,0x10,0x84,0x11,0x48,0xFC,0x30,0x10,0x20,0x30,0x48,0x39,0x90,0x54,0x3E,0x54,0x42,0x91,0xA4,0x10,0x18,0x10,0x10,0x10,0x60,0x11,0x80},  /* 移 U+79FB */
    {0xE7,0xA8,0x80,0x00,0x09,0x84,0x1C,0x68,0xF0,0x30,0x10,0xC8,0x13,0x04,0xFC,0x40,0x13,0xFE,0x38,0xA0,0x35,0x20,0x53,0xFC,0x55,0x24,0x91,0x24,0x11,0x34,0x11,0x28,0x10,0x20,0x10,0x20},  /* 稀 U+7A00 */
    {0xE7,0xA8,0x8B,0x00,0x0D,0xFC,0xF1,0x04,0x11,0x04,0x11,0x04,0xFD,0xFC,0x10,0x00,0x38,0x00,0x35,0xFC,0x54,0x20,0x50,0x20,0x91,0xFC,0x10,0x20,0x10,0x20,0x10,0x20,0x17,0xFE,0x00,0x00},  /* 程 U+7A0B */
    {0xE7,0xA8,0x8D,0x00,0x08,0x20,0x1D,0x24,0xF0,0xA4,0x10,0xA8,0x10,0x20,0xFD,0xFC,0x11,0x04,0x31,0x04,0x39,0xFC,0x55,0x04,0x55,0x04,0x91,0xFC,0x11,0x04,0x11,0x04,0x11,0x14,0x11,0x08},  /* 稍 U+7A0D */
    {0xE7,0xA8,0xB3,0x00,0x08,0x40,0x1C,0xF8,0xF1,0x08,0x12,0x10,0x11,0xFC,0xFC,0x04,0x10,0x04,0x39,0xFC,0x34,0x04,0x54,0x04,0x51,0xFC,0x90,0x40,0x10,0x24,0x12,0xA2,0x12,0x8A,0x14,0x78},  /* 稳 U+7A33 */
    {0xE7,0xA9,0xBA,0x00,0x02,0x00,0x01,0x00,0x7F,0xFE,0x40,0x02,0x88,0x24,0x10,0x10,0x20,0x08,0x00,0x00,0x1F,0xF0,0x01,0x00,0x01,0x00,0x01,0x00,0x01,0x00,0x01,0x00,0x7F,0xFC,0x00,0x00},  /* 空 U+7A7A */
    {0xE7,0xA9,0xBF,0x00,0x02,0x00,0x01,0x00,0x7F,0xFE,0x48,0x22,0x90,0x14,0x00,0x00,0x3F,0xFC,0x00,0x40,0x10,0x40,0x20,0x40,0x3F,0xFE,0x01,0x40,0x06,0x40,0x18,0x40,0x61,0x40,0x00,0x80},  /* 穿 U+7A7F */
    {0xE7,0xAA,0x81,0x00,0x02,0x00,0x01,0x00,0x7F,0xFE,0x40,0x02,0x88,0x24,0x11,0x10,0x21,0x48,0x01,0x20,0x01,0x00,0x7F,0xFC,0x01,0x00,0x02,0x80,0x04,0x40,0x08,0x20,0x30,0x18,0xC0,0x06},  /* 突 U+7A81 */
    {0xE7,0xAB,0x8B,0x00,0x02,0x00,0x01,0x00,0x01,0x00,0x00,0x00,0x7F,0xFC,0x00,0x00,0x00,0x10,0x10,0x10,0x08,0x20,0x08,0x20,0x04,0x40,0x04,0x40,0x04,0x80,0x00,0x00,0xFF,0xFE,0x00,0x00},  /* 立 U+7ACB */
    {0xE7,0xAB,0xAF,0x00,0x20,0x20,0x11,0x24,0x11,0x24,0xFD,0x24,0x01,0xFC,0x08,0x00,0x8B,0xFE,0x88,0x20,0x48,0x40,0x49,0xFC,0x51,0x54,0x51,0x54,0x1D,0x54,0xE1,0x54,0x41,0x54,0x01,0x0C},  /* 端 U+7AEF */
    {0xE7,0xAC,0xA6,0x00,0x10,0x40,0x10,0x40,0x3F,0x7E,0x48,0x90,0x85,0x08,0x08,0x10,0x08,0x10,0x13,0xFE,0x30,0x10,0x51,0x10,0x90,0x90,0x10,0x90,0x10,0x10,0x10,0x10,0x10,0x50,0x10,0x20},  /* 符 U+7B26 */
    {0xE7,0xAC,0xAC,0x00,0x20,0x40,0x3F,0x7E,0x48,0x90,0x85,0x08,0x3F,0xF8,0x01,0x08,0x01,0x08,0x3F,0xF8,0x21,0x00,0x21,0x00,0x3F,0xFC,0x03,0x04,0x05,0x04,0x19,0x28,0xE1,0x10,0x01,0x00},  /* 第 U+7B2C */
    {0xE7,0xAD,0x89,0x00,0x20,0x40,0x3F,0x7E,0x48,0x90,0x85,0x08,0x01,0x00,0x3F,0xF8,0x01,0x00,0x01,0x00,0xFF,0xFE,0x00,0x00,0x00,0x20,0x7F,0xFC,0x08,0x20,0x04,0x20,0x04,0xA0,0x00,0x40},  /* 等 U+7B49 */
    {0xE7,0xAD,0x96,0x00,0x10,0x40,0x10,0x40,0x3F,0x7E,0x48,0x90,0x85,0x08,0x01,0x00,0xFF,0xFE,0x01,0x00,0x3F,0xF8,0x21,0x08,0x23,0x88,0x25,0x58,0x09,0x20,0x11,0x10,0x61,0x0C,0x01,0x00},  /* 策 U+7B56 */
    {0xE7,0xAE,0x80,0x00,0x20,0x40,0x3F,0x7E,0x48,0x90,0x85,0x08,0x10,0x00,0x0B,0xF8,0x20,0x08,0x27,0xC8,0x24,0x48,0x24,0x48,0x27,0xC8,0x24,0x48,0x24,0x48,0x27,0xC8,0x20,0x08,0x20,0x18},  /* 简 U+7B80 */
    {0xE7,0xAE,0x97,0x00,0x20,0x40,0x3E,0x7E,0x48,0x90,0x80,0x00,0x3F,0xF8,0x20,0x08,0x3F,0xF8,0x20,0x08,0x3F,0xF8,0x20,0x08,0x3F,0xF8,0x08,0x20,0xFF,0xFE,0x08,0x20,0x10,0x20,0x20,0x20},  /* 算 U+7B97 */
    {0xE7,0xAE,0xA1,0x00,0x20,0x40,0x3F,0x7E,0x48,0x90,0x85,0x08,0x01,0x00,0x7F,0xFE,0x40,0x02,0x9F,0xE4,0x10,0x20,0x1F,0xE0,0x10,0x00,0x1F,0xF0,0x10,0x10,0x10,0x10,0x1F,0xF0,0x10,0x10},  /* 管 U+7BA1 */
    {0xE7,0xAE,0xAD,0x00,0x20,0x40,0x3F,0x7E,0x48,0x90,0x85,0x08,0x10,0x10,0x08,0x20,0xFF,0xFE,0x00,0x00,0x3E,0x48,0x22,0x48,0x3E,0x48,0x22,0x48,0x3E,0x08,0x22,0x08,0x2A,0x28,0x24,0x10},  /* 箭 U+7BAD */
    {0xE7,0xB1,0xBB,0x00,0x01,0x00,0x11,0x10,0x09,0x20,0x01,0x00,0x7F,0xFC,0x05,0x40,0x09,0x20,0x11,0x10,0x60,0x08,0x01,0x00,0xFF,0xFE,0x02,0x80,0x04,0x40,0x08,0x20,0x30,0x18,0xC0,0x06},  /* 类 U+7C7B */
    {0xE7,0xB2,0xBE,0x00,0x10,0x20,0x10,0x20,0x95,0xFE,0x54,0x20,0x58,0xFC,0x10,0x20,0xFD,0xFE,0x30,0x00,0x38,0xFC,0x54,0x84,0x54,0xFC,0x90,0x84,0x10,0xFC,0x10,0x84,0x10,0x94,0x10,0x88},  /* 精 U+7CBE */
    {0xE7,0xB3,0xBB,0x00,0x00,0xF8,0x3F,0x00,0x04,0x00,0x08,0x20,0x10,0x40,0x3F,0x80,0x01,0x00,0x06,0x10,0x18,0x08,0x7F,0xFC,0x01,0x04,0x09,0x20,0x11,0x10,0x21,0x08,0x45,0x04,0x02,0x00},  /* 系 U+7CFB */
    {0xE7,0xB4,0xA0,0x00,0x01,0x00,0x3F,0xF8,0x01,0x00,0x1F,0xF0,0x01,0x00,0xFF,0xFE,0x02,0x00,0x04,0x20,0x1F,0xC0,0x01,0x80,0x06,0x10,0x3F,0xF8,0x01,0x08,0x11,0x20,0x25,0x10,0x42,0x08},  /* 素 U+7D20 */
    {0xE7,0xB4,0xA2,0x00,0x01,0x00,0x01,0x00,0x3F,0xF8,0x01,0x00,0x01,0x00,0x7F,0xFE,0x42,0x02,0x84,0x24,0x1F,0xC0,0x01,0x80,0x06,0x10,0x3F,0xF8,0x01,0x08,0x11,0x20,0x25,0x10,0x42,0x08},  /* 索 U+7D22 */
    {0xE7,0xB4,0xAF,0x00,0x3F,0xF8,0x21,0x08,0x3F,0xF8,0x21,0x08,0x3F,0xF8,0x02,0x00,0x04,0x20,0x1F,0xC0,0x01,0x80,0x06,0x10,0x3F,0xF8,0x01,0x08,0x11,0x20,0x25,0x10,0x42,0x08,0x00,0x00},  /* 累 U+7D2F */
    {0xE7,0xBA,0xA2,0x00,0x10,0x00,0x10,0x00,0x21,0xFC,0x24,0x20,0x44,0x20,0xF8,0x20,0x10,0x20,0x20,0x20,0x40,0x20,0xFC,0x20,0x40,0x20,0x00,0x20,0x1C,0x20,0xE0,0x20,0x43,0xFE,0x00,0x00},  /* 红 U+7EA2 */
    {0xE7,0xBA,0xA6,0x00,0x10,0x80,0x10,0x80,0x20,0x80,0x21,0x04,0x45,0xFE,0xFA,0x04,0x14,0x04,0x20,0x84,0x40,0x44,0xFC,0x24,0x00,0x24,0x00,0x04,0x1C,0x04,0xE0,0x44,0x40,0x28,0x00,0x10},  /* 约 U+7EA6 */
    {0xE7,0xBA,0xA7,0x00,0x10,0x00,0x13,0xFC,0x20,0x84,0x20,0x88,0x48,0x88,0xF8,0x90,0x10,0x9C,0x20,0x84,0x41,0x44,0xF9,0x44,0x41,0x28,0x01,0x28,0x1A,0x10,0xE2,0x28,0x44,0x44,0x01,0x82},  /* 级 U+7EA7 */
    {0xE7,0xBA,0xAF,0x00,0x10,0x40,0x10,0x40,0x20,0x40,0x23,0xFC,0x48,0x40,0xFA,0x48,0x12,0x48,0x22,0x48,0x42,0x48,0xFB,0xF8,0x40,0x48,0x00,0x40,0x18,0x42,0xE0,0x42,0x40,0x3E,0x00,0x00},  /* 纯 U+7EAF */
    {0xE7,0xBA,0xB3,0x00,0x10,0x20,0x10,0x20,0x20,0x20,0x20,0x20,0x4B,0xFE,0xF2,0x22,0x12,0x22,0x22,0x22,0x42,0x52,0xFA,0x4A,0x42,0x8A,0x03,0x02,0x1A,0x02,0xE2,0x02,0x42,0x0A,0x02,0x04},  /* 纳 U+7EB3 */
    {0xE7,0xBA,0xBF,0x00,0x10,0x50,0x10,0x48,0x20,0x40,0x24,0x5C,0x45,0xE0,0xF8,0x40,0x10,0x5E,0x23,0xE0,0x40,0x44,0xFC,0x48,0x40,0x30,0x00,0x22,0x1C,0x52,0xE0,0x8A,0x43,0x06,0x00,0x02},  /* 线 U+7EBF */
    {0xE7,0xBB,0x84,0x00,0x10,0x00,0x11,0xF8,0x21,0x08,0x21,0x08,0x49,0x08,0xF9,0xF8,0x11,0x08,0x21,0x08,0x41,0x08,0xF9,0xF8,0x41,0x08,0x01,0x08,0x19,0x08,0xE1,0x08,0x47,0xFE,0x00,0x00},  /* 组 U+7EC4 */
    {0xE7,0xBB,0x86,0x00,0x10,0x00,0x10,0x00,0x21,0xFC,0x25,0x24,0x45,0x24,0xF9,0x24,0x11,0x24,0x21,0x24,0x41,0xFC,0xFD,0x24,0x41,0x24,0x01,0x24,0x1D,0x24,0xE1,0x24,0x41,0xFC,0x01,0x04},  /* 细 U+7EC6 */
    {0xE7,0xBB,0x88,0x00,0x10,0x80,0x10,0x80,0x20,0xF8,0x21,0x08,0x4B,0x10,0xFC,0xA0,0x10,0x40,0x20,0xA0,0x43,0x18,0xFC,0x06,0x40,0xC0,0x00,0x20,0x18,0x10,0xE1,0x80,0x40,0x60,0x00,0x10},  /* 终 U+7EC8 */
    {0xE7,0xBB,0x8F,0x00,0x10,0x00,0x11,0xFC,0x20,0x08,0x24,0x10,0x44,0x30,0xF8,0x48,0x10,0x84,0x23,0x02,0x40,0x00,0xFD,0xFC,0x40,0x20,0x00,0x20,0x1C,0x20,0xE0,0x20,0x43,0xFE,0x00,0x00},  /* 经 U+7ECF */
    {0xE7,0xBB,0x93,0x00,0x10,0x20,0x10,0x20,0x20,0x20,0x27,0xFE,0x44,0x20,0xF8,0x20,0x11,0xFC,0x20,0x00,0x40,0x00,0xFD,0xFC,0x41,0x04,0x01,0x04,0x1D,0x04,0xE1,0x04,0x41,0xFC,0x01,0x04},  /* 结 U+7ED3 */
    {0xE7,0xBB,0x95,0x00,0x10,0x80,0x10,0x80,0x20,0xBC,0x23,0xC0,0x48,0x50,0xF8,0x24,0x10,0xD4,0x23,0x0C,0x40,0x00,0xFB,0xFE,0x40,0x90,0x00,0x90,0x19,0x12,0xE1,0x12,0x42,0x0E,0x04,0x00},  /* 绕 U+7ED5 */
    {0xE7,0xBB,0x98,0x00,0x10,0x40,0x10,0x40,0x20,0xA0,0x21,0x10,0x4A,0x08,0xF4,0x06,0x11,0xF0,0x20,0x00,0x40,0x00,0xFB,0xFC,0x40,0x40,0x00,0x80,0x19,0x10,0xE2,0x08,0x47,0xFC,0x02,0x04},  /* 绘 U+7ED8 */
    {0xE7,0xBB,0x99,0x00,0x10,0x40,0x10,0x40,0x20,0xA0,0x21,0x10,0x4A,0x08,0xF4,0x06,0x13,0xF8,0x20,0x00,0x40,0x00,0xFB,0xF8,0x42,0x08,0x02,0x08,0x1A,0x08,0xE2,0x08,0x43,0xF8,0x02,0x08},  /* 给 U+7ED9 */
    {0xE7,0xBB,0x9D,0x00,0x10,0x80,0x10,0x80,0x20,0xF8,0x21,0x08,0x4A,0x10,0xF5,0xFC,0x11,0x24,0x21,0x24,0x41,0x24,0xF9,0xFC,0x41,0x00,0x01,0x00,0x19,0x02,0xE1,0x02,0x40,0xFE,0x00,0x00},  /* 绝 U+7EDD */
    {0xE7,0xBB,0x9F,0x00,0x10,0x40,0x10,0x20,0x20,0x20,0x23,0xFE,0x48,0x40,0xF8,0x88,0x11,0x04,0x23,0xFE,0x40,0x92,0xF8,0x90,0x40,0x90,0x00,0x90,0x19,0x12,0xE1,0x12,0x42,0x0E,0x04,0x00},  /* 统 U+7EDF */
    {0xE7,0xBB,0xA7,0x00,0x10,0x20,0x12,0x20,0x22,0x20,0x23,0x24,0x4A,0xA8,0xF2,0x20,0x13,0xFC,0x22,0x20,0x42,0x70,0xFA,0xA8,0x43,0x24,0x02,0x20,0x1A,0x20,0xE2,0x20,0x43,0xFE,0x00,0x00},  /* 继 U+7EE7 */
    {0xE7,0xBB,0xAA,0x00,0x10,0x40,0x10,0x44,0x23,0xF4,0x20,0x48,0x48,0x50,0xF7,0xFE,0x10,0x40,0x20,0x80,0x41,0xF8,0xFB,0x08,0x45,0x08,0x01,0xF8,0x19,0x08,0xE1,0x08,0x41,0xF8,0x01,0x08},  /* 绪 U+7EEA */
    {0xE7,0xBB,0xAD,0x00,0x10,0x20,0x10,0x20,0x21,0xFC,0x24,0x20,0x44,0x20,0xFB,0xFE,0x10,0x02,0x20,0x94,0x40,0x50,0xFD,0x10,0x40,0x90,0x03,0xFE,0x1C,0x28,0xE0,0x44,0x40,0x82,0x03,0x02},  /* 续 U+7EED */
    {0xE7,0xBB,0xB4,0x00,0x10,0xA0,0x10,0x90,0x20,0x80,0x25,0xFE,0x45,0x10,0xFB,0x10,0x15,0xFC,0x21,0x10,0x41,0x10,0xFD,0xFC,0x41,0x10,0x01,0x10,0x1D,0x10,0xE1,0xFE,0x41,0x00,0x01,0x00},  /* 维 U+7EF4 */
    {0xE7,0xBB,0xBF,0x00,0x10,0x00,0x11,0xF8,0x20,0x08,0x20,0x08,0x49,0xF8,0xF8,0x08,0x10,0x08,0x23,0xFE,0x40,0x20,0xFA,0x22,0x41,0x74,0x00,0xA8,0x19,0x24,0xE2,0x22,0x40,0xA0,0x00,0x40},  /* 绿 U+7EFF */
    {0xE7,0xBC,0x80,0x00,0x20,0x00,0x27,0xBC,0x20,0x84,0x42,0x94,0x51,0x08,0xF2,0x94,0x24,0xA4,0x28,0x40,0x40,0x00,0xF7,0xBC,0x40,0xA4,0x02,0xA4,0x31,0x28,0xC2,0x90,0x04,0xA8,0x08,0x46},  /* 缀 U+7F00 */
    {0xE7,0xBC,0x93,0x00,0x10,0x3C,0x17,0xC0,0x22,0x44,0x21,0x28,0x48,0x00,0xFB,0xFC,0x10,0x80,0x20,0x80,0x47,0xFE,0xF9,0x00,0x41,0xF8,0x02,0x88,0x1A,0x50,0xE4,0x20,0x48,0xD8,0x03,0x06},  /* 缓 U+7F13 */
    {0xE7,0xBC,0x96,0x00,0x10,0x80,0x10,0x40,0x23,0xFC,0x22,0x04,0x4A,0x04,0xFB,0xFC,0x12,0x00,0x22,0x00,0x43,0xFC,0xFB,0x54,0x43,0x54,0x05,0xFC,0x1D,0x54,0xE5,0x54,0x49,0x44,0x01,0x0C},  /* 编 U+7F16 */
    {0xE7,0xBC,0x98,0x00,0x10,0x80,0x10,0xFC,0x21,0x04,0x21,0xF8,0x48,0x08,0xFB,0xFE,0x10,0x40,0x20,0xA2,0x43,0x34,0xF8,0x58,0x40,0x94,0x03,0x34,0x18,0x52,0xE0,0x90,0x43,0x50,0x00,0x20},  /* 缘 U+7F18 */
    {0xE7,0xBC,0xA9,0x00,0x20,0x40,0x20,0x20,0x27,0xFE,0x44,0x02,0x51,0x00,0xF1,0xFE,0x22,0x10,0x26,0x20,0x4A,0x7C,0xF2,0x44,0x42,0x44,0x02,0x7C,0x32,0x44,0xC2,0x44,0x02,0x7C,0x02,0x44},  /* 缩 U+7F29 */
    {0xE7,0xBC,0xBA,0x00,0x20,0x20,0x20,0x20,0x3C,0x20,0x51,0xFC,0x90,0x24,0x10,0x24,0xFE,0x24,0x10,0x24,0x13,0xFE,0x54,0x20,0x54,0x50,0x54,0x50,0x5C,0x88,0x64,0x88,0x05,0x04,0x02,0x02},  /* 缺 U+7F3A */
    {0xE7,0xBD,0x91,0x00,0x7F,0xFC,0x40,0x04,0x40,0x04,0x42,0x14,0x52,0x94,0x4A,0x54,0x44,0x24,0x44,0x24,0x4A,0x54,0x4A,0x54,0x52,0x94,0x61,0x04,0x40,0x04,0x40,0x14,0x40,0x08,0x00,0x00},  /* 网 U+7F51 */
    {0xE7,0xBD,0xAE,0x00,0x7F,0xFC,0x44,0x44,0x44,0x44,0x7F,0xFC,0x01,0x00,0xFF,0xFE,0x02,0x00,0x1F,0xF0,0x10,0x10,0x1F,0xF0,0x10,0x10,0x1F,0xF0,0x10,0x10,0x1F,0xF0,0x10,0x10,0xFF,0xFE},  /* 置 U+7F6E */
    {0xE7,0xBE,0x8E,0x00,0x10,0x10,0x08,0x10,0x04,0x20,0x7F,0xFC,0x01,0x00,0x01,0x00,0x3F,0xF8,0x01,0x00,0xFF,0xFE,0x01,0x00,0x01,0x00,0x7F,0xFC,0x02,0x80,0x04,0x40,0x18,0x30,0xE0,0x0E},  /* 美 U+7F8E */
    {0xE7,0xBF,0xBB,0x00,0x0E,0x00,0xF1,0xDC,0x92,0x44,0x54,0x44,0xFF,0x54,0x38,0xCC,0x54,0x44,0x82,0x44,0x7C,0x4C,0x54,0xD4,0x55,0x64,0x7C,0x44,0x54,0x44,0x54,0x44,0x7D,0x54,0x44,0x88},  /* 翻 U+7FFB */
    {0xE8,0x80,0x85,0x00,0x02,0x00,0x02,0x08,0x3F,0xD0,0x02,0x20,0x02,0x40,0xFF,0xFE,0x01,0x00,0x02,0x00,0x0F,0xF0,0x18,0x10,0x28,0x10,0x4F,0xF0,0x88,0x10,0x08,0x10,0x0F,0xF0,0x08,0x10},  /* 者 U+8005 */
    {0xE8,0x80,0x8C,0x00,0x7F,0xFC,0x01,0x00,0x01,0x00,0x02,0x00,0x3F,0xF8,0x24,0x88,0x24,0x88,0x24,0x88,0x24,0x88,0x24,0x88,0x24,0x88,0x24,0x88,0x24,0x88,0x20,0x28,0x20,0x10,0x00,0x00},  /* 而 U+800C */
    {0xE8,0x81,0x94,0x00,0x00,0x88,0xFC,0x48,0x48,0x50,0x48,0x00,0x79,0xFC,0x48,0x20,0x48,0x20,0x78,0x20,0x4B,0xFE,0x48,0x20,0x4C,0x50,0x78,0x50,0xC8,0x88,0x08,0x88,0x09,0x04,0x0A,0x02},  /* 联 U+8054 */
    {0xE8,0x83,0x8C,0x00,0x04,0x80,0x04,0x98,0x7C,0xE0,0x04,0x84,0x1C,0x84,0xE4,0x7C,0x40,0x00,0x1F,0xF0,0x10,0x10,0x1F,0xF0,0x10,0x10,0x1F,0xF0,0x10,0x10,0x10,0x10,0x10,0x50,0x10,0x20},  /* 背 U+80CC */
    {0xE8,0x83,0xBD,0x00,0x10,0x40,0x24,0x44,0x42,0x48,0xFF,0x70,0x01,0x40,0x00,0x42,0x7E,0x42,0x42,0x3E,0x42,0x00,0x7E,0x44,0x42,0x48,0x42,0x70,0x7E,0x40,0x42,0x42,0x4A,0x42,0x44,0x3E},  /* 能 U+80FD */
    {0xE8,0x84,0x8F,0x00,0x00,0x20,0x78,0x10,0x48,0x10,0x49,0xFE,0x49,0x00,0x79,0x10,0x49,0x10,0x49,0x10,0x49,0x7C,0x79,0x10,0x49,0x10,0x49,0x10,0x49,0x10,0x4A,0x10,0x4A,0xFE,0x9C,0x00},  /* 脏 U+810F */
    {0xE8,0x84,0x9A,0x00,0x01,0x00,0x79,0x00,0x49,0x1E,0x4B,0x92,0x49,0x12,0x79,0x12,0x49,0x12,0x4F,0xD2,0x49,0x12,0x79,0x12,0x4A,0x1A,0x4A,0x94,0x4F,0xD0,0x4A,0x50,0x48,0x10,0x98,0x10},  /* 脚 U+811A */
    {0xE8,0x87,0xAA,0x00,0x01,0x00,0x02,0x00,0x04,0x00,0x1F,0xF0,0x10,0x10,0x10,0x10,0x10,0x10,0x1F,0xF0,0x10,0x10,0x10,0x10,0x1F,0xF0,0x10,0x10,0x10,0x10,0x10,0x10,0x1F,0xF0,0x10,0x10},  /* 自 U+81EA */
    {0xE8,0x87,0xB3,0x00,0x00,0x00,0x7F,0xFC,0x02,0x00,0x04,0x00,0x08,0x20,0x10,0x10,0x3F,0xF8,0x00,0x08,0x01,0x00,0x01,0x00,0x3F,0xF8,0x01,0x00,0x01,0x00,0x01,0x00,0xFF,0xFE,0x00,0x00},  /* 至 U+81F3 */
    {0xE8,0x87,0xB4,0x00,0x00,0x40,0xFE,0x40,0x10,0x40,0x20,0x80,0x28,0xFE,0x45,0x08,0xFE,0x88,0x12,0x88,0x10,0x88,0x10,0x50,0x7C,0x50,0x10,0x20,0x10,0x50,0x1E,0x88,0xF1,0x04,0x42,0x02},  /* 致 U+81F4 */
    {0xE8,0x88,0xAA,0x00,0x10,0x40,0x20,0x20,0x7C,0x00,0x45,0xFC,0x64,0x00,0x54,0x00,0x54,0xF0,0xFC,0x90,0x44,0x90,0x64,0x90,0x54,0x90,0x54,0x92,0x44,0x92,0x45,0x12,0x55,0x0E,0x8A,0x00},  /* 航 U+822A */
    {0xE8,0x89,0xB2,0x00,0x08,0x00,0x08,0x00,0x1F,0xE0,0x20,0x20,0x40,0x40,0xBF,0xF8,0x21,0x08,0x21,0x08,0x21,0x08,0x3F,0xF8,0x20,0x00,0x20,0x02,0x20,0x02,0x20,0x02,0x1F,0xFE,0x00,0x00},  /* 色 U+8272 */
    {0xE8,0x8A,0x82,0x00,0x08,0x20,0x08,0x20,0xFF,0xFE,0x08,0x20,0x08,0x20,0x00,0x00,0x7F,0xF8,0x02,0x08,0x02,0x08,0x02,0x08,0x02,0x08,0x02,0x50,0x02,0x20,0x02,0x00,0x02,0x00,0x02,0x00},  /* 节 U+8282 */
    {0xE8,0x8A,0xB1,0x00,0x08,0x20,0x08,0x20,0xFF,0xFE,0x08,0x20,0x00,0x00,0x08,0x88,0x08,0x90,0x10,0xA0,0x30,0xC0,0x50,0x80,0x91,0x80,0x12,0x82,0x14,0x82,0x10,0x82,0x10,0x7E,0x10,0x00},  /* 花 U+82B1 */
    {0xE8,0x8B,0xA5,0x00,0x08,0x20,0x08,0x20,0xFF,0xFE,0x08,0x20,0x0A,0x20,0x02,0x00,0xFF,0xFE,0x04,0x00,0x08,0x00,0x1F,0xF0,0x28,0x10,0x48,0x10,0x88,0x10,0x08,0x10,0x0F,0xF0,0x08,0x10},  /* 若 U+82E5 */
    {0xE8,0x8B,0xB1,0x00,0x08,0x20,0x08,0x20,0xFF,0xFE,0x08,0x20,0x01,0x00,0x01,0x00,0x1F,0xF0,0x11,0x10,0x11,0x10,0x11,0x10,0xFF,0xFE,0x02,0x80,0x04,0x40,0x08,0x20,0x30,0x18,0xC0,0x06},  /* 英 U+82F1 */
    {0xE8,0x8C,0x83,0x00,0x04,0x40,0x04,0x40,0xFF,0xFE,0x04,0x40,0x10,0x00,0x09,0xF8,0x49,0x08,0x21,0x08,0x25,0x08,0x05,0x28,0x09,0x10,0x71,0x02,0x11,0x02,0x11,0x02,0x10,0xFE,0x00,0x00},  /* 范 U+8303 */
    {0xE8,0x8E,0xB7,0x00,0x08,0x20,0x08,0x20,0xFF,0xFE,0x08,0x20,0x44,0x40,0x28,0x50,0x10,0x48,0x28,0x40,0x4F,0xFE,0x98,0x40,0x28,0xA0,0x48,0xA0,0x89,0x10,0x09,0x10,0x52,0x08,0x24,0x06},  /* 获 U+83B7 */
    {0xE8,0x8F,0x9C,0x00,0x08,0x20,0x08,0x20,0xFF,0xFE,0x08,0x20,0x00,0x10,0x00,0xF8,0x3F,0x00,0x11,0x10,0x08,0x20,0x01,0x00,0x7F,0xFC,0x05,0x40,0x09,0x20,0x31,0x18,0xC1,0x06,0x01,0x00},  /* 菜 U+83DC */
    {0xE8,0x90,0xBD,0x00,0x08,0x20,0x08,0x20,0xFF,0xFE,0x08,0x20,0x20,0x80,0x10,0xF8,0x11,0x08,0x82,0x90,0x48,0x60,0x49,0x98,0x16,0x06,0xE1,0xF8,0x21,0x08,0x21,0x08,0x21,0xF8,0x21,0x08},  /* 落 U+843D */
    {0xE8,0x93,0x9D,0x00,0x08,0x20,0x08,0x20,0xFF,0xFE,0x08,0x20,0x04,0x80,0x24,0x80,0x24,0xFC,0x24,0xA0,0x25,0x10,0x00,0x00,0x3F,0xF8,0x24,0x48,0x24,0x48,0x24,0x48,0xFF,0xFE,0x00,0x00},  /* 蓝 U+84DD */
    {0xE8,0x97,0x8F,0x00,0x04,0x40,0xFF,0xFE,0x04,0x48,0x00,0x24,0x1F,0xFE,0x50,0x20,0x57,0xA0,0x75,0x24,0x17,0xA4,0xF4,0xA8,0x57,0xA8,0x55,0x10,0x95,0x12,0x27,0xAA,0x20,0x46,0x40,0x82},  /* 藏 U+85CF */
    {0xE8,0x99,0x9A,0x00,0x01,0x00,0x01,0xF8,0x01,0x00,0x3F,0xFC,0x21,0x04,0x21,0x60,0x2F,0x88,0x21,0x08,0x20,0xF8,0x22,0x40,0x32,0x48,0x2A,0x48,0x2A,0x50,0x42,0x40,0x5F,0xFC,0x80,0x00},  /* 虚 U+865A */
    {0xE8,0x99,0xBD,0x00,0x1F,0xF0,0x10,0x10,0x10,0x10,0x1F,0xF0,0x01,0x00,0x01,0x00,0x3F,0xF8,0x21,0x08,0x21,0x08,0x3F,0xF8,0x01,0x20,0x01,0x10,0x01,0xF8,0x7F,0x04,0x20,0x04,0x00,0x00},  /* 虽 U+867D */
    {0xE8,0xA1,0x8C,0x00,0x08,0x00,0x09,0xFC,0x10,0x00,0x20,0x00,0x48,0x00,0x08,0x00,0x13,0xFE,0x30,0x20,0x50,0x20,0x90,0x20,0x10,0x20,0x10,0x20,0x10,0x20,0x10,0x20,0x10,0xA0,0x10,0x40},  /* 行 U+884C */
    {0xE8,0xA1,0xA5,0x00,0x10,0x40,0x08,0x40,0x00,0x40,0x7E,0x40,0x02,0x40,0x04,0x60,0x08,0x50,0x1A,0x48,0x2C,0x44,0x4A,0x44,0x0A,0x40,0x08,0x40,0x08,0x40,0x08,0x40,0x08,0x40,0x08,0x40},  /* 补 U+8865 */
    {0xE8,0xA1,0xA8,0x00,0x01,0x00,0x01,0x00,0x7F,0xFC,0x01,0x00,0x01,0x00,0x3F,0xF8,0x01,0x00,0x01,0x00,0xFF,0xFE,0x05,0x00,0x08,0x88,0x18,0x50,0x28,0x20,0xC9,0x18,0x0A,0x06,0x0C,0x00},  /* 表 U+8868 */
    {0xE8,0xA2,0xAB,0x00,0x20,0x10,0x10,0x10,0x00,0x10,0xF9,0xFE,0x09,0x12,0x11,0x14,0x15,0x10,0x39,0xFC,0x55,0x44,0x91,0x44,0x11,0x28,0x11,0x28,0x11,0x10,0x12,0x28,0x12,0x44,0x14,0x82},  /* 被 U+88AB */
    {0xE8,0xA3,0x81,0x00,0x08,0x40,0x08,0x48,0x7F,0x44,0x08,0x44,0x08,0x40,0xFF,0xFE,0x10,0x40,0x08,0x44,0xFF,0x44,0x10,0x44,0x29,0x28,0x66,0x2A,0xA2,0x12,0x29,0x2A,0x30,0x46,0x20,0x82},  /* 裁 U+88C1 */
    {0xE8,0xA3,0x82,0x00,0x00,0x04,0x7F,0x84,0x08,0x24,0x1F,0x24,0x21,0x24,0x52,0x24,0x0C,0x24,0x30,0x04,0xC2,0x0C,0x01,0x00,0xFF,0xFE,0x04,0x88,0x0C,0x50,0x34,0x20,0xC5,0x18,0x06,0x06},  /* 裂 U+88C2 */
    {0xE8,0xA3,0x85,0x00,0x08,0x20,0x48,0x20,0x2B,0xFE,0x08,0x20,0x18,0x20,0x28,0x20,0xC9,0xFC,0x0A,0x00,0x01,0x00,0xFF,0xFE,0x05,0x00,0x0C,0x88,0x34,0x50,0xC5,0x30,0x06,0x0E,0x04,0x00},  /* 装 U+88C5 */
    {0xE8,0xA6,0x81,0x00,0x7F,0xFC,0x04,0x40,0x04,0x40,0x3F,0xF8,0x24,0x48,0x24,0x48,0x3F,0xF8,0x02,0x00,0x7F,0xFC,0x04,0x20,0x08,0x40,0x1C,0x80,0x03,0x80,0x06,0x70,0x38,0x08,0x00,0x00},  /* 要 U+8981 */
    {0xE8,0xA6,0x86,0x00,0xFF,0xFE,0x04,0x40,0x3F,0xF8,0x24,0x48,0x3F,0xF8,0x12,0x00,0x27,0xFC,0x42,0x08,0x8B,0xF8,0x12,0x08,0x33,0xF8,0x51,0x00,0x93,0xF8,0x15,0x10,0x10,0xE0,0x17,0x1E},  /* 覆 U+8986 */
    {0xE8,0xA7,0x81,0x00,0x1F,0xF0,0x10,0x10,0x10,0x10,0x11,0x10,0x11,0x10,0x11,0x10,0x11,0x10,0x11,0x10,0x12,0x90,0x12,0x90,0x04,0x80,0x04,0x80,0x08,0x82,0x30,0x82,0xC0,0x7E,0x00,0x00},  /* 见 U+89C1 */
    {0xE8,0xA7,0x84,0x00,0x10,0x00,0x11,0xFC,0x11,0x04,0x7D,0x04,0x11,0x24,0x11,0x24,0x11,0x24,0xFF,0x24,0x11,0x24,0x11,0x54,0x10,0x50,0x28,0x90,0x24,0x90,0x45,0x12,0x82,0x12,0x04,0x0E},  /* 规 U+89C4 */
    {0xE8,0xA7,0x86,0x00,0x20,0x00,0x11,0xFC,0x11,0x04,0xF9,0x04,0x09,0x24,0x11,0x24,0x11,0x24,0x39,0x24,0x55,0x24,0x95,0x54,0x10,0x50,0x10,0x90,0x10,0x90,0x11,0x12,0x12,0x12,0x14,0x0E},  /* 视 U+89C6 */
    {0xE8,0xA7,0x88,0x00,0x04,0x40,0x24,0x40,0x24,0x7C,0x24,0x90,0x25,0x08,0x04,0x00,0x1F,0xF0,0x10,0x10,0x11,0x10,0x11,0x10,0x11,0x10,0x12,0x90,0x02,0x80,0x04,0x84,0x18,0x84,0x60,0x7C},  /* 览 U+89C8 */
    {0xE8,0xA7,0xA3,0x00,0x10,0x00,0x10,0xFC,0x3C,0x24,0x24,0x24,0x48,0x54,0xBE,0x88,0x2A,0x10,0x2A,0x50,0x3E,0x7C,0x2A,0x90,0x2A,0x10,0x3E,0xFE,0x2A,0x10,0x4A,0x10,0x42,0x10,0x86,0x10},  /* 解 U+89E3 */
    {0xE8,0xA7,0xA6,0x00,0x20,0x20,0x20,0x20,0x78,0x20,0x49,0xFC,0x91,0x24,0x7D,0x24,0x55,0x24,0x55,0x24,0x7D,0xFC,0x55,0x24,0x54,0x20,0x7C,0x28,0x54,0x24,0x57,0xFE,0x45,0x02,0x8C,0x00},  /* 触 U+89E6 */
    {0xE8,0xA8,0x80,0x00,0x02,0x00,0x01,0x00,0xFF,0xFE,0x00,0x00,0x00,0x00,0x3F,0xF8,0x00,0x00,0x00,0x00,0x3F,0xF8,0x00,0x00,0x00,0x00,0x3F,0xF8,0x20,0x08,0x20,0x08,0x3F,0xF8,0x20,0x08},  /* 言 U+8A00 */
    {0xE8,0xAD,0xA6,0x00,0x24,0x20,0xFF,0x20,0x24,0x7E,0x7E,0xC4,0x82,0x28,0x7A,0x10,0x4A,0x28,0x7A,0xC6,0x05,0x00,0xFF,0xFE,0x00,0x00,0x3F,0xF8,0x00,0x00,0x3F,0xF8,0x20,0x08,0x3F,0xF8},  /* 警 U+8B66 */
    {0xE8,0xAE,0xA1,0x00,0x00,0x40,0x20,0x40,0x10,0x40,0x10,0x40,0x00,0x40,0x00,0x40,0xF7,0xFE,0x10,0x40,0x10,0x40,0x10,0x40,0x10,0x40,0x10,0x40,0x14,0x40,0x18,0x40,0x10,0x40,0x00,0x40},  /* 计 U+8BA1 */
    {0xE8,0xAE,0xA4,0x00,0x00,0x40,0x20,0x40,0x10,0x40,0x10,0x40,0x00,0x40,0x00,0x40,0xF0,0x40,0x10,0x40,0x10,0xA0,0x10,0xA0,0x10,0xA0,0x15,0x10,0x19,0x10,0x12,0x08,0x04,0x04,0x08,0x02},  /* 认 U+8BA4 */
    {0xE8,0xAE,0xA9,0x00,0x00,0x40,0x20,0x40,0x10,0x40,0x10,0x40,0x00,0x40,0x00,0x40,0xF0,0x7C,0x10,0x40,0x10,0x40,0x10,0x40,0x10,0x40,0x14,0x40,0x18,0x40,0x10,0x40,0x0F,0xFE,0x00,0x00},  /* 让 U+8BA9 */
    {0xE8,0xAE,0xAE,0x00,0x00,0x80,0x20,0x48,0x12,0x48,0x12,0x08,0x02,0x08,0x01,0x10,0xF1,0x10,0x11,0x10,0x10,0xA0,0x10,0xA0,0x10,0x40,0x14,0x40,0x18,0xA0,0x11,0x10,0x02,0x08,0x0C,0x06},  /* 议 U+8BAE */
    {0xE8,0xAE,0xB0,0x00,0x00,0x00,0x20,0x00,0x11,0xF8,0x10,0x08,0x00,0x08,0x00,0x08,0xF0,0x08,0x11,0xF8,0x11,0x08,0x11,0x00,0x11,0x00,0x11,0x00,0x15,0x02,0x19,0x02,0x10,0xFE,0x00,0x00},  /* 记 U+8BB0 */
    {0xE8,0xAE,0xB8,0x00,0x00,0x80,0x20,0x80,0x10,0x80,0x11,0xFC,0x01,0x20,0x02,0x20,0xF0,0x20,0x10,0x20,0x13,0xFE,0x10,0x20,0x10,0x20,0x10,0x20,0x14,0x20,0x18,0x20,0x10,0x20,0x00,0x20},  /* 许 U+8BB8 */
    {0xE8,0xAE,0xBA,0x00,0x00,0x40,0x20,0x40,0x10,0xA0,0x10,0xA0,0x01,0x10,0x02,0x08,0xF4,0x06,0x11,0x10,0x11,0x20,0x11,0x40,0x11,0x80,0x11,0x00,0x15,0x04,0x19,0x04,0x10,0xFC,0x00,0x00},  /* 论 U+8BBA */
    {0xE8,0xAE,0xBE,0x00,0x21,0xF0,0x11,0x10,0x11,0x10,0x01,0x10,0x02,0x0E,0xF4,0x00,0x13,0xF8,0x11,0x08,0x11,0x10,0x10,0x90,0x14,0xA0,0x18,0x40,0x10,0xA0,0x03,0x18,0x0C,0x06,0x00,0x00},  /* 设 U+8BBE */
    {0xE8,0xAE,0xBF,0x00,0x00,0x80,0x20,0x40,0x10,0x40,0x17,0xFE,0x01,0x00,0x01,0x00,0xF1,0x00,0x11,0xF8,0x11,0x08,0x11,0x08,0x11,0x08,0x15,0x08,0x1A,0x08,0x12,0x08,0x04,0x50,0x08,0x20},  /* 访 U+8BBF */
    {0xE8,0xAF,0x81,0x00,0x00,0x00,0x20,0x00,0x13,0xFE,0x10,0x20,0x00,0x20,0x00,0x20,0xF1,0x20,0x11,0x20,0x11,0x3C,0x11,0x20,0x11,0x20,0x15,0x20,0x19,0x20,0x11,0x20,0x07,0xFE,0x00,0x00},  /* 证 U+8BC1 */
    {0xE8,0xAF,0x86,0x00,0x20,0x00,0x11,0xFC,0x11,0x04,0x01,0x04,0x01,0x04,0xF1,0x04,0x11,0x04,0x11,0xFC,0x11,0x04,0x10,0x00,0x14,0x90,0x18,0x88,0x11,0x04,0x02,0x02,0x04,0x02,0x00,0x00},  /* 识 U+8BC6 */
    {0xE8,0xAF,0x89,0x00,0x00,0x08,0x20,0x1C,0x11,0xE0,0x11,0x00,0x01,0x00,0x01,0x00,0xF1,0xFE,0x11,0x10,0x11,0x10,0x11,0x30,0x11,0x18,0x15,0x14,0x19,0x12,0x12,0x10,0x02,0x10,0x04,0x10},  /* 诉 U+8BC9 */
    {0xE8,0xAF,0x8A,0x00,0x00,0x40,0x40,0x40,0x20,0xA0,0x21,0x10,0x02,0x08,0x04,0x26,0xE0,0x40,0x20,0x80,0x23,0x10,0x20,0x20,0x20,0x40,0x28,0x88,0x33,0x10,0x20,0x20,0x00,0xC0,0x07,0x00},  /* 诊 U+8BCA */
    {0xE8,0xAF,0x8D,0x00,0x23,0xFC,0x10,0x04,0x10,0x04,0x07,0xF4,0x00,0x04,0xF0,0x04,0x13,0xE4,0x12,0x24,0x12,0x24,0x12,0x24,0x13,0xE4,0x14,0x04,0x18,0x04,0x10,0x14,0x00,0x08,0x00,0x00},  /* 词 U+8BCD */
    {0xE8,0xAF,0x91,0x00,0x23,0xFC,0x11,0x04,0x10,0x88,0x00,0x50,0x00,0x20,0xF0,0xD8,0x13,0x26,0x10,0x20,0x11,0xFC,0x10,0x20,0x14,0x20,0x1B,0xFE,0x10,0x20,0x00,0x20,0x00,0x20,0x00,0x00},  /* 译 U+8BD1 */
    {0xE8,0xAF,0x95,0x00,0x00,0x28,0x20,0x24,0x10,0x24,0x10,0x20,0x07,0xFE,0x00,0x20,0xF0,0x20,0x17,0xE0,0x11,0x20,0x11,0x10,0x11,0x10,0x15,0x10,0x19,0xCA,0x17,0x0A,0x02,0x06,0x00,0x02},  /* 试 U+8BD5 */
    {0xE8,0xAF,0x9D,0x00,0x00,0x08,0x20,0x3C,0x11,0xE0,0x10,0x20,0x00,0x20,0x03,0xFE,0xF0,0x20,0x10,0x20,0x10,0x20,0x11,0xFC,0x11,0x04,0x11,0x04,0x15,0x04,0x19,0x04,0x11,0xFC,0x01,0x04},  /* 话 U+8BDD */
    {0xE8,0xAF,0xA2,0x00,0x02,0x00,0x42,0x00,0x23,0xFC,0x24,0x04,0x04,0x04,0x0B,0xE4,0xE2,0x24,0x22,0x24,0x23,0xE4,0x22,0x24,0x22,0x24,0x23,0xE4,0x2A,0x24,0x30,0x04,0x20,0x14,0x00,0x08},  /* 询 U+8BE2 */
    {0xE8,0xAF,0xA5,0x00,0x00,0x80,0x40,0x40,0x2F,0xFE,0x20,0x80,0x01,0x10,0x01,0x10,0xE2,0x24,0x27,0xE4,0x20,0x48,0x20,0x88,0x21,0x10,0x2A,0x20,0x34,0x50,0x20,0x88,0x03,0x04,0x0C,0x04},  /* 该 U+8BE5 */
    {0xE8,0xAF,0xA6,0x00,0x02,0x08,0x21,0x08,0x11,0x10,0x10,0x00,0x07,0xFC,0x00,0x40,0xF0,0x40,0x13,0xF8,0x10,0x40,0x10,0x40,0x17,0xFE,0x10,0x40,0x14,0x40,0x18,0x40,0x10,0x40,0x00,0x40},  /* 详 U+8BE6 */
    {0xE8,0xAF,0xAD,0x00,0x47,0xFC,0x20,0x40,0x20,0x40,0x03,0xF8,0x00,0x88,0xE0,0x88,0x27,0xFE,0x20,0x00,0x20,0x00,0x23,0xF8,0x22,0x08,0x2A,0x08,0x32,0x08,0x23,0xF8,0x02,0x08,0x00,0x00},  /* 语 U+8BED */
    {0xE8,0xAF,0xAF,0x00,0x43,0xF8,0x22,0x08,0x22,0x08,0x03,0xF8,0x00,0x00,0xE7,0xFC,0x20,0x40,0x20,0x40,0x2F,0xFE,0x20,0x40,0x20,0xA0,0x28,0xA0,0x31,0x10,0x22,0x08,0x04,0x06,0x00,0x00},  /* 误 U+8BEF */
    {0xE8,0xAF,0xB4,0x00,0x02,0x08,0x21,0x08,0x11,0x10,0x10,0x20,0x03,0xF8,0x02,0x08,0xF2,0x08,0x12,0x08,0x13,0xF8,0x10,0xA0,0x10,0xA0,0x15,0x20,0x19,0x22,0x12,0x22,0x04,0x1E,0x08,0x00},  /* 说 U+8BF4 */
    {0xE8,0xAF,0xB7,0x00,0x00,0x40,0x40,0x40,0x27,0xFC,0x20,0x40,0x03,0xF8,0x00,0x40,0xE7,0xFE,0x20,0x00,0x23,0xF8,0x22,0x08,0x23,0xF8,0x22,0x08,0x2B,0xF8,0x32,0x08,0x22,0x28,0x02,0x10},  /* 请 U+8BF7 */
    {0xE8,0xAF,0xBB,0x00,0x00,0x20,0x20,0x20,0x11,0xFC,0x10,0x20,0x00,0x20,0x03,0xFE,0xF0,0x02,0x10,0x94,0x10,0x50,0x11,0x10,0x10,0x90,0x13,0xFE,0x14,0x28,0x18,0x44,0x10,0x82,0x03,0x02},  /* 读 U+8BFB */
    {0xE8,0xB0,0x83,0x00,0x47,0xFC,0x24,0x44,0x24,0x44,0x05,0xF4,0x04,0x44,0xE4,0x44,0x27,0xFC,0x24,0x04,0x25,0xF4,0x25,0x14,0x2D,0x14,0x35,0xF4,0x24,0x04,0x04,0x14,0x08,0x08,0x00,0x00},  /* 调 U+8C03 */
    {0xE8,0xB4,0x9D,0x00,0x1F,0xF0,0x10,0x10,0x10,0x10,0x10,0x10,0x11,0x10,0x11,0x10,0x11,0x10,0x11,0x10,0x11,0x10,0x12,0x10,0x02,0x80,0x04,0x40,0x08,0x20,0x10,0x10,0x20,0x08,0x00,0x00},  /* 贝 U+8D1D */
    {0xE8,0xB4,0x9F,0x00,0x04,0x00,0x04,0x00,0x0F,0xE0,0x10,0x20,0x20,0x40,0x5F,0xF0,0x10,0x10,0x11,0x10,0x11,0x10,0x11,0x10,0x11,0x10,0x12,0x10,0x02,0xC0,0x04,0x20,0x18,0x10,0x60,0x08},  /* 负 U+8D1F */
    {0xE8,0xB4,0xA5,0x00,0x00,0x40,0x7C,0x40,0x44,0x40,0x54,0x80,0x54,0xFE,0x55,0x08,0x56,0x88,0x54,0x88,0x54,0x88,0x54,0x50,0x54,0x50,0x10,0x20,0x28,0x50,0x24,0x88,0x45,0x04,0x82,0x02},  /* 败 U+8D25 */
    {0xE8,0xB4,0xA6,0x00,0x00,0x80,0x7C,0x84,0x44,0x84,0x54,0x88,0x54,0x90,0x54,0xA0,0x54,0x80,0x55,0xFE,0x54,0xA0,0x54,0xA0,0x54,0x90,0x10,0x90,0x28,0x88,0x24,0xA4,0x44,0xC2,0x80,0x80},  /* 账 U+8D26 */
    {0xE8,0xB4,0xA8,0x00,0x00,0x7C,0x3F,0xC0,0x20,0x40,0x20,0x40,0x3F,0xFE,0x20,0x40,0x20,0x40,0x27,0xFC,0x24,0x04,0x24,0x44,0x24,0x44,0x24,0x44,0x24,0xB4,0x41,0x08,0x46,0x04,0x98,0x02},  /* 质 U+8D28 */
    {0xE8,0xB5,0x96,0x00,0x10,0x80,0x10,0x80,0xFE,0xF8,0x11,0x08,0x12,0x10,0x7D,0xFC,0x55,0x04,0x55,0x24,0x55,0x24,0x7D,0x24,0x11,0x24,0x39,0x24,0x54,0x50,0x90,0x88,0x11,0x04,0x12,0x02},  /* 赖 U+8D56 */
    {0xE8,0xB5,0xB0,0x00,0x01,0x00,0x01,0x00,0x01,0x00,0x3F,0xF8,0x01,0x00,0x01,0x00,0xFF,0xFE,0x01,0x00,0x01,0x00,0x11,0x00,0x11,0xF8,0x11,0x00,0x11,0x00,0x29,0x00,0x47,0xFE,0x80,0x00},  /* 走 U+8D70 */
    {0xE8,0xB5,0xB7,0x00,0x08,0x00,0x08,0x00,0x08,0xF8,0x7E,0x08,0x08,0x08,0x08,0x08,0xFE,0xF8,0x08,0x88,0x28,0x80,0x28,0x80,0x2E,0x84,0x28,0x84,0x28,0x7C,0x58,0x00,0x4F,0xFE,0x80,0x00},  /* 起 U+8D77 */
    {0xE8,0xB6,0x85,0x00,0x08,0x00,0x09,0xFC,0x08,0x44,0x7E,0x44,0x08,0x44,0x08,0x94,0xFF,0x08,0x08,0xFC,0x28,0x84,0x28,0x84,0x2E,0x84,0x28,0xFC,0x28,0x00,0x58,0x00,0x4F,0xFE,0x80,0x00},  /* 超 U+8D85 */
    {0xE8,0xB6,0x8A,0x00,0x10,0x28,0x10,0x24,0x10,0x20,0x7D,0xFC,0x11,0x20,0x11,0x24,0xFD,0x24,0x11,0x28,0x11,0x28,0x51,0x10,0x5D,0x94,0x51,0x2C,0x70,0x44,0x50,0x00,0x4F,0xFE,0x80,0x00},  /* 越 U+8D8A */
    {0xE8,0xB6,0xB3,0x00,0x1F,0xF0,0x10,0x10,0x10,0x10,0x10,0x10,0x10,0x10,0x1F,0xF0,0x01,0x00,0x01,0x00,0x11,0x00,0x11,0xF8,0x11,0x00,0x29,0x00,0x25,0x00,0x43,0xFE,0x80,0x00,0x00,0x00},  /* 足 U+8DB3 */
    {0xE8,0xB7,0x9D,0x00,0x00,0x00,0x7D,0xFE,0x45,0x00,0x45,0x00,0x45,0x00,0x7D,0xFC,0x11,0x04,0x11,0x04,0x5D,0x04,0x51,0x04,0x51,0xFC,0x51,0x00,0x5D,0x00,0xE1,0x00,0x01,0xFE,0x00,0x00},  /* 距 U+8DDD */
    {0xE8,0xB7,0x9F,0x00,0x7D,0xF8,0x45,0x08,0x45,0x08,0x45,0xF8,0x7D,0x08,0x11,0x08,0x11,0xF8,0x5D,0x44,0x51,0x48,0x51,0x30,0x51,0x20,0x5D,0x10,0xE1,0x48,0x01,0x86,0x01,0x00,0x00,0x00},  /* 跟 U+8DDF */
    {0xE8,0xB7,0xA8,0x00,0x00,0x20,0x78,0x20,0x4B,0xFE,0x48,0x50,0x48,0x88,0x79,0x04,0x16,0xFA,0x10,0x00,0x53,0xFE,0x5C,0x40,0x50,0x80,0x51,0xFC,0x58,0x04,0xE0,0x04,0x00,0x28,0x00,0x10},  /* 跨 U+8DE8 */
    {0xE8,0xB7,0xAF,0x00,0x00,0x40,0x7C,0x40,0x44,0x78,0x44,0x88,0x45,0x50,0x7C,0x20,0x10,0x50,0x10,0x88,0x11,0x06,0x5C,0xF8,0x50,0x88,0x50,0x88,0x50,0x88,0x5C,0x88,0xE0,0xF8,0x00,0x88},  /* 路 U+8DEF */
    {0xE8,0xB7,0xB3,0x00,0x00,0x50,0x7C,0x50,0x44,0x50,0x45,0x52,0x44,0xD4,0x7C,0x58,0x10,0x50,0x10,0x58,0x10,0xD4,0x5D,0x52,0x50,0x50,0x50,0x50,0x50,0x92,0x5C,0x92,0xE1,0x12,0x02,0x0E},  /* 跳 U+8DF3 */
    {0xE8,0xBA,0xAB,0x00,0x02,0x00,0x04,0x00,0x1F,0xF0,0x10,0x10,0x1F,0xF0,0x10,0x10,0x1F,0xF2,0x10,0x14,0x10,0x18,0x7F,0xF0,0x00,0x50,0x00,0x90,0x03,0x10,0x1C,0x10,0xE0,0x50,0x00,0x20},  /* 身 U+8EAB */
    {0xE8,0xBD,0xA6,0x00,0x02,0x00,0x02,0x00,0x02,0x00,0x7F,0xFC,0x04,0x00,0x09,0x00,0x11,0x00,0x21,0x00,0x3F,0xF8,0x01,0x00,0x01,0x00,0xFF,0xFE,0x01,0x00,0x01,0x00,0x01,0x00,0x01,0x00},  /* 车 U+8F66 */
    {0xE8,0xBD,0xAC,0x00,0x20,0x20,0x20,0x20,0x20,0x20,0xFD,0xFC,0x40,0x20,0x50,0x40,0x93,0xFE,0xFC,0x40,0x10,0x80,0x11,0xFC,0x1C,0x04,0xF0,0x88,0x50,0x50,0x10,0x20,0x10,0x10,0x10,0x10},  /* 转 U+8F6C */
    {0xE8,0xBD,0xAE,0x00,0x20,0x40,0x20,0x40,0x20,0xA0,0xFC,0xA0,0x41,0x10,0x52,0x08,0x94,0x06,0xFD,0x10,0x11,0x20,0x11,0x40,0x1D,0x80,0xF1,0x00,0x51,0x04,0x11,0x04,0x10,0xFC,0x10,0x00},  /* 轮 U+8F6E */
    {0xE8,0xBD,0xBD,0x00,0x08,0x20,0x08,0x28,0x7F,0x24,0x08,0x20,0xFF,0xFE,0x10,0x20,0x10,0x24,0xFF,0x24,0x20,0x24,0x48,0x28,0x7F,0x28,0x08,0x10,0x0F,0x12,0xF8,0x2A,0x08,0x46,0x08,0x82},  /* 载 U+8F7D */
    {0xE8,0xBE,0x83,0x00,0x20,0x40,0x20,0x20,0x20,0x20,0xFD,0xFE,0x40,0x00,0x50,0x88,0x91,0x04,0xFE,0x02,0x10,0x88,0x10,0x88,0x1C,0x50,0xF0,0x50,0x50,0x20,0x10,0x50,0x10,0x88,0x13,0x06},  /* 较 U+8F83 */
    {0xE8,0xBE,0x85,0x00,0x20,0x28,0x20,0x24,0x23,0xFE,0xFC,0x20,0x40,0x20,0x51,0xFC,0x91,0x24,0xFD,0x24,0x11,0xFC,0x11,0x24,0x1D,0x24,0xF1,0xFC,0x51,0x24,0x11,0x24,0x11,0x24,0x11,0x0C},  /* 辅 U+8F85 */
    {0xE8,0xBE,0x91,0x00,0x20,0x00,0x21,0xF8,0x21,0x08,0xFD,0x08,0x41,0xF8,0x50,0x00,0x97,0xFE,0xFD,0x08,0x11,0xF8,0x11,0x08,0x1D,0xF8,0xF1,0x08,0x51,0x3E,0x17,0xC8,0x10,0x08,0x10,0x08},  /* 辑 U+8F91 */
    {0xE8,0xBE,0x93,0x00,0x20,0x40,0x20,0xA0,0x21,0x10,0xFA,0x08,0x25,0xF6,0x40,0x00,0x53,0xC4,0x92,0x54,0xFA,0x54,0x13,0xD4,0x1A,0x54,0xF2,0x54,0x53,0xD4,0x12,0x44,0x12,0x54,0x12,0xC8},  /* 输 U+8F93 */
    {0xE8,0xBE,0xA8,0x00,0x20,0x10,0x10,0x88,0x10,0x88,0x7C,0xBE,0x00,0x80,0x2A,0x94,0x12,0x88,0xFE,0xBE,0x12,0x88,0x10,0x88,0x7C,0x9C,0x11,0x08,0x11,0x08,0x22,0x08,0x24,0x08,0x40,0x08},  /* 辨 U+8FA8 */
    {0xE8,0xBE,0xB9,0x00,0x00,0x40,0x20,0x40,0x10,0x40,0x13,0xFC,0x00,0x44,0x00,0x44,0xF0,0x44,0x10,0x84,0x10,0x84,0x11,0x04,0x11,0x04,0x12,0x28,0x14,0x10,0x28,0x00,0x47,0xFE,0x00,0x00},  /* 边 U+8FB9 */
    {0xE8,0xBF,0x81,0x00,0x00,0x10,0x20,0x78,0x13,0xC0,0x10,0x40,0x00,0x40,0x00,0x40,0xF7,0xFE,0x10,0x40,0x10,0x40,0x10,0x40,0x10,0x40,0x10,0x40,0x10,0x40,0x28,0x00,0x47,0xFE,0x00,0x00},  /* 迁 U+8FC1 */
    {0xE8,0xBF,0x87,0x00,0x00,0x10,0x20,0x10,0x10,0x10,0x17,0xFE,0x00,0x10,0x00,0x10,0xF2,0x10,0x11,0x10,0x11,0x10,0x10,0x10,0x10,0x10,0x10,0x50,0x10,0x20,0x28,0x00,0x47,0xFE,0x00,0x00},  /* 过 U+8FC7 */
    {0xE8,0xBF,0x8E,0x00,0x00,0x00,0x20,0x80,0x13,0x3C,0x12,0x24,0x02,0x24,0x02,0x24,0xF2,0x24,0x12,0x24,0x12,0x24,0x12,0xB4,0x13,0x28,0x12,0x20,0x10,0x20,0x28,0x20,0x47,0xFE,0x00,0x00},  /* 迎 U+8FCE */
    {0xE8,0xBF,0x90,0x00,0x00,0x00,0x23,0xF8,0x10,0x00,0x10,0x00,0x00,0x00,0x07,0xFC,0xF0,0x40,0x10,0x80,0x11,0x10,0x12,0x08,0x17,0xFC,0x12,0x04,0x10,0x00,0x28,0x00,0x47,0xFE,0x00,0x00},  /* 运 U+8FD0 */
    {0xE8,0xBF,0x91,0x00,0x00,0x08,0x20,0x1C,0x11,0xE0,0x11,0x00,0x01,0x00,0x01,0xFE,0xF1,0x10,0x11,0x10,0x11,0x10,0x11,0x10,0x12,0x10,0x12,0x10,0x14,0x10,0x28,0x00,0x47,0xFE,0x00,0x00},  /* 近 U+8FD1 */
    {0xE8,0xBF,0x94,0x00,0x00,0x08,0x20,0x3C,0x13,0xC0,0x12,0x00,0x02,0x00,0x03,0xFC,0xF2,0x04,0x12,0x88,0x12,0x50,0x12,0x20,0x12,0x50,0x14,0x88,0x15,0x04,0x28,0x00,0x47,0xFE,0x00,0x00},  /* 返 U+8FD4 */
    {0xE8,0xBF,0x98,0x00,0x00,0x00,0x23,0xFC,0x10,0x20,0x10,0x20,0x00,0x40,0x00,0x40,0xF0,0xD0,0x11,0x48,0x12,0x44,0x14,0x44,0x10,0x40,0x10,0x40,0x10,0x40,0x28,0x00,0x47,0xFE,0x00,0x00},  /* 还 U+8FD8 */
    {0xE8,0xBF,0x99,0x00,0x00,0x80,0x20,0x40,0x10,0x40,0x17,0xFC,0x00,0x10,0x02,0x10,0xF1,0x20,0x10,0xA0,0x10,0x40,0x10,0xA0,0x11,0x10,0x12,0x08,0x14,0x08,0x28,0x00,0x47,0xFE,0x00,0x00},  /* 这 U+8FD9 */
    {0xE8,0xBF,0x9B,0x00,0x00,0x90,0x20,0x90,0x10,0x90,0x13,0xFC,0x00,0x90,0x00,0x90,0xF0,0x90,0x17,0xFE,0x10,0x90,0x10,0x90,0x11,0x10,0x11,0x10,0x12,0x10,0x28,0x00,0x47,0xFE,0x00,0x00},  /* 进 U+8FDB */
    {0xE8,0xBF,0x9C,0x00,0x23,0xF8,0x10,0x00,0x10,0x00,0x00,0x00,0x07,0xFC,0xF1,0x20,0x11,0x20,0x11,0x20,0x11,0x20,0x11,0x24,0x12,0x24,0x12,0x24,0x14,0x1C,0x28,0x00,0x47,0xFE,0x00,0x00},  /* 远 U+8FDC */
    {0xE8,0xBF,0x9E,0x00,0x00,0x40,0x20,0x40,0x17,0xFE,0x10,0x80,0x00,0xA0,0x01,0x20,0xF3,0xFC,0x10,0x20,0x10,0x20,0x10,0x20,0x17,0xFE,0x10,0x20,0x10,0x20,0x28,0x20,0x47,0xFE,0x00,0x00},  /* 连 U+8FDE */
    {0xE8,0xBF,0xAD,0x00,0x00,0x40,0x22,0x40,0x12,0x40,0x13,0xFC,0x02,0x40,0x04,0x40,0xF0,0x40,0x17,0xFE,0x10,0x40,0x10,0xA0,0x10,0x90,0x11,0x08,0x12,0x08,0x28,0x00,0x47,0xFE,0x00,0x00},  /* 迭 U+8FED */
    {0xE8,0xBF,0xB0,0x00,0x00,0x40,0x20,0x50,0x10,0x48,0x10,0x40,0x07,0xFC,0x00,0xC0,0xF0,0xE0,0x11,0x50,0x11,0x48,0x12,0x44,0x14,0x44,0x10,0x40,0x10,0x40,0x28,0x00,0x47,0xFE,0x00,0x00},  /* 述 U+8FF0 */
    {0xE8,0xBF,0xBD,0x00,0x00,0x20,0x20,0x40,0x13,0xFC,0x12,0x04,0x02,0x04,0x03,0xFC,0xF2,0x00,0x12,0x00,0x13,0xFE,0x12,0x02,0x12,0x02,0x13,0xFE,0x12,0x02,0x28,0x00,0x47,0xFE,0x00,0x00},  /* 追 U+8FFD */
    {0xE9,0x80,0x80,0x00,0x03,0xF8,0x22,0x08,0x12,0x08,0x13,0xF8,0x02,0x08,0x02,0x08,0xF3,0xF8,0x12,0x44,0x12,0x28,0x12,0x10,0x12,0x88,0x13,0x04,0x12,0x04,0x28,0x00,0x47,0xFE,0x00,0x00},  /* 退 U+9000 */
    {0xE9,0x80,0x81,0x00,0x02,0x02,0x41,0x04,0x30,0x88,0x10,0x10,0x03,0xFE,0x00,0x20,0xF0,0x20,0x10,0x20,0x17,0xFF,0x10,0x20,0x10,0x50,0x10,0x88,0x11,0x04,0x2A,0x02,0x44,0x01,0x83,0xFF},  /* 送 U+9001 */
    {0xE9,0x80,0x82,0x00,0x00,0x78,0x23,0xC0,0x10,0x40,0x10,0x40,0x07,0xFE,0x00,0x40,0xF0,0x40,0x13,0xF8,0x12,0x08,0x12,0x08,0x12,0x08,0x13,0xF8,0x12,0x08,0x28,0x00,0x47,0xFE,0x00,0x00},  /* 适 U+9002 */
    {0xE9,0x80,0x86,0x00,0x02,0x08,0x41,0x08,0x21,0x10,0x2F,0xFE,0x00,0x40,0x00,0x40,0xE4,0x44,0x24,0x44,0x24,0x44,0x27,0xFC,0x20,0x84,0x21,0x00,0x22,0x00,0x54,0x00,0x8F,0xFE,0x00,0x00},  /* 逆 U+9006 */
    {0xE9,0x80,0x89,0x00,0x00,0x40,0x22,0x40,0x12,0x40,0x13,0xF8,0x04,0x40,0x00,0x40,0xF7,0xFC,0x11,0x20,0x11,0x20,0x11,0x20,0x12,0x24,0x12,0x24,0x14,0x1C,0x28,0x00,0x47,0xFE,0x00,0x00},  /* 选 U+9009 */
    {0xE9,0x80,0x8F,0x00,0x00,0x38,0x23,0xC0,0x10,0x40,0x17,0xFC,0x01,0x50,0x02,0x48,0xF4,0x46,0x13,0xF0,0x11,0x10,0x11,0x3C,0x11,0x04,0x12,0x14,0x14,0x08,0x28,0x00,0x47,0xFE,0x00,0x00},  /* 透 U+900F */
    {0xE9,0x80,0x90,0x00,0x00,0x00,0x23,0xFC,0x10,0x40,0x10,0x80,0x01,0x44,0x06,0x68,0xF0,0xB0,0x11,0x28,0x16,0x68,0x10,0xA4,0x11,0x24,0x16,0x20,0x10,0xA0,0x28,0x40,0x47,0xFE,0x00,0x00},  /* 逐 U+9010 */
    {0xE9,0x80,0x92,0x00,0x01,0x10,0x20,0xA0,0x13,0xF8,0x10,0x48,0x00,0x48,0x03,0xF8,0xF2,0x40,0x12,0x40,0x13,0xFC,0x10,0xC4,0x11,0x44,0x12,0x54,0x14,0x48,0x28,0x40,0x47,0xFE,0x00,0x00},  /* 递 U+9012 */
    {0xE9,0x80,0x94,0x00,0x00,0x40,0x20,0xA0,0x11,0x10,0x12,0x08,0x05,0xF6,0x00,0x40,0xF0,0x40,0x17,0xFC,0x10,0x40,0x12,0x48,0x12,0x44,0x14,0x44,0x11,0x40,0x28,0x80,0x47,0xFE,0x00,0x00},  /* 途 U+9014 */
    {0xE9,0x80,0x9A,0x00,0x47,0xF8,0x20,0x10,0x21,0xA0,0x00,0x40,0x07,0xFC,0xE4,0x44,0x24,0x44,0x27,0xFC,0x24,0x44,0x24,0x44,0x27,0xFC,0x24,0x44,0x24,0x54,0x54,0x08,0x8F,0xFE,0x00,0x00},  /* 通 U+901A */
    {0xE9,0x80,0x9F,0x00,0x00,0x40,0x20,0x40,0x17,0xFC,0x10,0x40,0x03,0xF8,0x02,0x48,0xF2,0x48,0x13,0xF8,0x10,0xE0,0x11,0x50,0x12,0x48,0x14,0x44,0x10,0x40,0x28,0x00,0x47,0xFE,0x00,0x00},  /* 速 U+901F */
    {0xE9,0x80,0xA0,0x00,0x00,0x40,0x22,0x40,0x13,0xF8,0x14,0x40,0x00,0x40,0x07,0xFC,0xF0,0x00,0x10,0x00,0x13,0xF8,0x12,0x08,0x12,0x08,0x13,0xF8,0x12,0x08,0x28,0x00,0x47,0xFE,0x00,0x00},  /* 造 U+9020 */
    {0xE9,0x80,0xBB,0x00,0x00,0x00,0x47,0xFC,0x24,0xA4,0x24,0xA4,0x07,0xFC,0x00,0x80,0xE1,0xF8,0x22,0x08,0x25,0x10,0x20,0xA0,0x20,0x40,0x21,0x80,0x2E,0x00,0x50,0x00,0x8F,0xFE,0x00,0x00},  /* 逻 U+903B */
    {0xE9,0x81,0x87,0x00,0x23,0xF8,0x12,0x48,0x13,0xF8,0x02,0x48,0x03,0xF8,0xF0,0x40,0x17,0xFC,0x14,0x44,0x14,0x54,0x14,0x74,0x15,0x94,0x14,0x04,0x14,0x0C,0x28,0x00,0x47,0xFE,0x00,0x00},  /* 遇 U+9047 */
    {0xE9,0x81,0x8D,0x00,0x00,0x80,0x20,0x40,0x13,0xFC,0x12,0x04,0x02,0x04,0x03,0xFC,0xF2,0x00,0x13,0xFC,0x13,0x54,0x15,0x54,0x15,0xFC,0x19,0x54,0x11,0x44,0x11,0x0C,0x28,0x00,0x47,0xFE},  /* 遍 U+904D */
    {0xE9,0x81,0x93,0x00,0x02,0x08,0x21,0x10,0x10,0x00,0x17,0xFC,0x00,0x80,0x03,0xF8,0xF2,0x08,0x13,0xF8,0x12,0x08,0x13,0xF8,0x12,0x08,0x13,0xF8,0x12,0x08,0x28,0x00,0x47,0xFE,0x00,0x00},  /* 道 U+9053 */
    {0xE9,0x81,0x97,0x00,0x00,0x40,0x23,0xF8,0x12,0x48,0x13,0xF8,0x00,0x40,0x0F,0xFE,0xF0,0x00,0x13,0xF8,0x12,0x08,0x12,0x48,0x12,0x48,0x10,0xA0,0x11,0x10,0x2A,0x08,0x47,0xFE,0x00,0x00},  /* 遗 U+9057 */
    {0xE9,0x81,0xBF,0x00,0x00,0x10,0x47,0x88,0x24,0xBE,0x24,0x80,0x04,0xA2,0x07,0x94,0xE4,0x3E,0x28,0x08,0x2F,0x88,0x34,0xBE,0x24,0x88,0x27,0x88,0x24,0x88,0x50,0x00,0x8F,0xFE,0x00,0x00},  /* 避 U+907F */
    {0xE9,0x82,0xA3,0x00,0x7E,0x7C,0x12,0x44,0x12,0x48,0x12,0x48,0x7E,0x50,0x12,0x48,0x12,0x48,0x7E,0x44,0x12,0x44,0x12,0x44,0x22,0x68,0x22,0x50,0x4A,0x40,0x84,0x40,0x00,0x40,0x00,0x00},  /* 那 U+90A3 */
    {0xE9,0x83,0xA8,0x00,0x10,0x00,0x08,0x3E,0x7F,0xA2,0x00,0x24,0x21,0x24,0x12,0x28,0xFF,0xE4,0x00,0x24,0x00,0x22,0x3F,0x22,0x21,0x22,0x21,0x34,0x21,0x28,0x3F,0x20,0x21,0x20,0x00,0x20},  /* 部 U+90E8 */
    {0xE9,0x83,0xBD,0x00,0x08,0x00,0x08,0xBE,0x7E,0xA2,0x09,0x24,0x0A,0x24,0xFF,0xE8,0x08,0x24,0x10,0x24,0x3F,0x22,0x61,0x22,0xA1,0x22,0x3F,0x34,0x21,0x28,0x21,0x20,0x3F,0x20,0x21,0x20},  /* 都 U+90FD */
    {0xE9,0x85,0x8D,0x00,0xFE,0x00,0x28,0xF8,0x28,0x08,0xFE,0x08,0xAA,0x08,0xAA,0x08,0xAA,0xF8,0xAE,0x88,0xC2,0x80,0x82,0x80,0xFE,0x80,0x82,0x82,0x82,0x82,0xFE,0x7E,0x82,0x00,0x00,0x00},  /* 配 U+914D */
    {0xE9,0x87,0x87,0x00,0x00,0x10,0x00,0xF8,0x3F,0x00,0x02,0x00,0x11,0x10,0x09,0x10,0x08,0x20,0x01,0x00,0x7F,0xFC,0x03,0x80,0x05,0x40,0x09,0x20,0x11,0x10,0x21,0x08,0xC1,0x06,0x01,0x00},  /* 采 U+91C7 */
    {0xE9,0x87,0x8A,0x00,0x0C,0x00,0xF3,0xFC,0x11,0x04,0x54,0x88,0x38,0x50,0x10,0x20,0xFC,0xD8,0x13,0x26,0x30,0x20,0x39,0xFC,0x54,0x20,0x50,0x20,0x93,0xFE,0x10,0x20,0x10,0x20,0x10,0x20},  /* 释 U+91CA */
    {0xE9,0x87,0x8C,0x00,0x00,0x00,0x3F,0xF8,0x21,0x08,0x21,0x08,0x3F,0xF8,0x21,0x08,0x21,0x08,0x3F,0xF8,0x01,0x00,0x01,0x00,0x3F,0xF8,0x01,0x00,0x01,0x00,0x01,0x00,0xFF,0xFE,0x00,0x00},  /* 里 U+91CC */
    {0xE9,0x87,0x8D,0x00,0x00,0x10,0x00,0xF8,0x3F,0x00,0x01,0x00,0xFF,0xFE,0x01,0x00,0x1F,0xF0,0x11,0x10,0x1F,0xF0,0x11,0x10,0x1F,0xF0,0x01,0x00,0x3F,0xF8,0x01,0x00,0xFF,0xFE,0x00,0x00},  /* 重 U+91CD */
    {0xE9,0x87,0x8F,0x00,0x1F,0xF0,0x10,0x10,0x1F,0xF0,0x10,0x10,0xFF,0xFE,0x00,0x00,0x1F,0xF0,0x11,0x10,0x1F,0xF0,0x11,0x10,0x1F,0xF0,0x01,0x00,0x1F,0xF0,0x01,0x00,0x7F,0xFC,0x00,0x00},  /* 量 U+91CF */
    {0xE9,0x92,0x88,0x00,0x10,0x20,0x10,0x20,0x1E,0x20,0x20,0x20,0x20,0x20,0x7C,0x20,0x93,0xFE,0x10,0x20,0xFE,0x20,0x10,0x20,0x10,0x20,0x12,0x20,0x14,0x20,0x18,0x20,0x10,0x20,0x00,0x20},  /* 针 U+9488 */
    {0xE9,0x92,0x9F,0x00,0x10,0x20,0x10,0x20,0x3C,0x20,0x20,0x20,0x41,0xFC,0xBD,0x24,0x11,0x24,0x11,0x24,0xFD,0x24,0x11,0xFC,0x11,0x24,0x10,0x20,0x14,0x20,0x18,0x20,0x10,0x20,0x00,0x20},  /* 钟 U+949F */
    {0xE9,0x92,0xAE,0x00,0x10,0x00,0x11,0xF8,0x3C,0x48,0x20,0x48,0x40,0x48,0xBC,0x48,0x10,0x48,0x11,0xF8,0xFC,0x88,0x10,0x88,0x10,0x88,0x10,0x88,0x14,0x88,0x18,0x88,0x13,0xFE,0x00,0x00},  /* 钮 U+94AE */
    {0xE9,0x93,0xBE,0x00,0x20,0x10,0x22,0x10,0x39,0x10,0x21,0x7E,0x40,0x20,0x78,0x28,0xA7,0x48,0x21,0x7E,0xF9,0x08,0x21,0x08,0x21,0xFE,0x21,0x08,0x29,0x08,0x32,0x88,0x24,0x7E,0x00,0x00},  /* 链 U+94FE */
    {0xE9,0x94,0x81,0x00,0x10,0x20,0x11,0x24,0x3C,0xA4,0x20,0xA8,0x40,0x20,0xBD,0xFC,0x11,0x04,0x11,0x24,0xFD,0x24,0x11,0x24,0x11,0x24,0x11,0x24,0x14,0x50,0x18,0x88,0x11,0x04,0x02,0x02},  /* 锁 U+9501 */
    {0xE9,0x94,0x99,0x00,0x21,0x10,0x21,0x10,0x39,0x10,0x27,0xFC,0x41,0x10,0x79,0x10,0xAF,0xFE,0x20,0x00,0xFB,0xF8,0x22,0x08,0x22,0x08,0x23,0xF8,0x2A,0x08,0x32,0x08,0x23,0xF8,0x02,0x08},  /* 错 U+9519 */
    {0xE9,0x94,0xAE,0x00,0x20,0x10,0x20,0x10,0x3B,0x7C,0x21,0x14,0x41,0xFE,0x7A,0x14,0xA2,0x7C,0x27,0x10,0xF9,0x7C,0x25,0x10,0x25,0xFE,0x22,0x10,0x2A,0x10,0x35,0x00,0x28,0xFE,0x00,0x00},  /* 键 U+952E */
    {0xE9,0x95,0xBF,0x00,0x08,0x00,0x08,0x10,0x08,0x20,0x08,0x40,0x08,0x80,0x09,0x00,0x08,0x00,0xFF,0xFE,0x0A,0x00,0x09,0x00,0x08,0x80,0x08,0x40,0x09,0x20,0x0A,0x18,0x0C,0x06,0x08,0x00},  /* 长 U+957F */
    {0xE9,0x97,0xA8,0x00,0x20,0x00,0x13,0xFC,0x10,0x04,0x40,0x04,0x40,0x04,0x40,0x04,0x40,0x04,0x40,0x04,0x40,0x04,0x40,0x04,0x40,0x04,0x40,0x04,0x40,0x04,0x40,0x04,0x40,0x14,0x40,0x08},  /* 门 U+95E8 */
    {0xE9,0x97,0xAA,0x00,0x20,0x00,0x17,0xFC,0x00,0x04,0x40,0x04,0x41,0x04,0x41,0x04,0x41,0x04,0x41,0x04,0x42,0x84,0x42,0x44,0x44,0x24,0x48,0x24,0x40,0x04,0x40,0x04,0x40,0x14,0x40,0x08},  /* 闪 U+95EA */
    {0xE9,0x97,0xAD,0x00,0x20,0x00,0x17,0xFC,0x00,0x04,0x40,0x84,0x40,0x84,0x5F,0xF4,0x40,0x84,0x41,0x84,0x42,0x84,0x44,0x84,0x48,0x84,0x50,0x84,0x42,0x84,0x41,0x04,0x40,0x14,0x40,0x08},  /* 闭 U+95ED */
    {0xE9,0x97,0xAE,0x00,0x20,0x00,0x17,0xFC,0x00,0x04,0x40,0x04,0x40,0x04,0x47,0xC4,0x44,0x44,0x44,0x44,0x44,0x44,0x44,0x44,0x44,0x44,0x47,0xC4,0x44,0x44,0x40,0x04,0x40,0x14,0x40,0x08},  /* 问 U+95EE */
    {0xE9,0x97,0xB2,0x00,0x20,0x00,0x17,0xFC,0x00,0x04,0x41,0x04,0x41,0x04,0x41,0x04,0x5F,0xF4,0x41,0x04,0x43,0x84,0x45,0x44,0x49,0x24,0x51,0x14,0x41,0x04,0x41,0x04,0x40,0x14,0x40,0x08},  /* 闲 U+95F2 */
    {0xE9,0x97,0xB4,0x00,0x20,0x00,0x13,0xFC,0x10,0x04,0x40,0x04,0x47,0xC4,0x44,0x44,0x44,0x44,0x44,0x44,0x47,0xC4,0x44,0x44,0x44,0x44,0x44,0x44,0x47,0xC4,0x40,0x04,0x40,0x14,0x40,0x08},  /* 间 U+95F4 */
    {0xE9,0x98,0x9F,0x00,0x00,0x40,0x7C,0x40,0x44,0x40,0x48,0x40,0x48,0x40,0x50,0x40,0x48,0x40,0x48,0x40,0x44,0xA0,0x44,0xA0,0x44,0xA0,0x69,0x10,0x51,0x10,0x42,0x08,0x44,0x04,0x48,0x02},  /* 队 U+961F */
    {0xE9,0x98,0xB2,0x00,0x00,0x40,0x7C,0x20,0x44,0x20,0x4B,0xFE,0x48,0x80,0x50,0x80,0x48,0x80,0x48,0xFC,0x44,0x84,0x44,0x84,0x44,0x84,0x68,0x84,0x51,0x04,0x41,0x04,0x42,0x28,0x44,0x10},  /* 防 U+9632 */
    {0xE9,0x98,0xB6,0x00,0x00,0x20,0x7C,0x20,0x44,0x50,0x48,0x50,0x48,0x88,0x51,0x04,0x4A,0x02,0x48,0x88,0x44,0x88,0x44,0x88,0x44,0x88,0x68,0x88,0x50,0x88,0x41,0x08,0x41,0x08,0x42,0x08},  /* 阶 U+9636 */
    {0xE9,0x98,0xBB,0x00,0x7D,0xF8,0x45,0x08,0x49,0x08,0x49,0x08,0x51,0xF8,0x49,0x08,0x49,0x08,0x45,0x08,0x45,0xF8,0x45,0x08,0x69,0x08,0x51,0x08,0x41,0x08,0x47,0xFE,0x40,0x00,0x00,0x00},  /* 阻 U+963B */
    {0xE9,0x99,0x85,0x00,0x79,0xFC,0x48,0x00,0x50,0x00,0x50,0x00,0x63,0xFE,0x50,0x20,0x48,0x20,0x49,0x28,0x49,0x24,0x6A,0x24,0x52,0x22,0x44,0x22,0x40,0x20,0x40,0xA0,0x40,0x40,0x00,0x00},  /* 际 U+9645 */
    {0xE9,0x99,0x90,0x00,0x7B,0xF8,0x4A,0x08,0x52,0x08,0x53,0xF8,0x62,0x08,0x52,0x08,0x4B,0xF8,0x4A,0x44,0x4A,0x48,0x6A,0x30,0x52,0x20,0x42,0x10,0x42,0x88,0x43,0x06,0x42,0x00,0x00,0x00},  /* 限 U+9650 */
    {0xE9,0x99,0xA4,0x00,0x78,0x40,0x48,0x40,0x50,0xA0,0x51,0x10,0x62,0x08,0x55,0xF6,0x48,0x40,0x48,0x40,0x4B,0xFC,0x68,0x40,0x51,0x50,0x42,0x48,0x44,0x44,0x41,0x44,0x40,0x80,0x00,0x00},  /* 除 U+9664 */
    {0xE9,0x99,0xA9,0x00,0x00,0x40,0x78,0x40,0x48,0xA0,0x50,0xA0,0x51,0x10,0x62,0x08,0x55,0xF6,0x48,0x00,0x48,0x88,0x48,0x48,0x6A,0x48,0x51,0x50,0x41,0x10,0x40,0x20,0x47,0xFE,0x40,0x00},  /* 险 U+9669 */
    {0xE9,0x9A,0x8F,0x00,0x00,0x10,0x78,0x10,0x49,0xFE,0x54,0x20,0x52,0x40,0x60,0xFC,0x51,0x44,0x48,0x44,0x4E,0x7C,0x4A,0x44,0x6A,0x7C,0x52,0x44,0x42,0x54,0x42,0x48,0x45,0x00,0x48,0xFE},  /* 随 U+968F */
    {0xE9,0x9A,0x90,0x00,0x00,0x80,0x78,0x80,0x49,0xF8,0x4A,0x08,0x54,0x10,0x53,0xFC,0x60,0x04,0x51,0xFC,0x48,0x04,0x4B,0xFC,0x48,0x04,0x68,0x40,0x51,0x24,0x45,0x2A,0x45,0x0A,0x48,0xF8},  /* 隐 U+9690 */
    {0xE9,0x9A,0x94,0x00,0x7B,0xFE,0x48,0x00,0x51,0xFC,0x51,0x04,0x61,0x04,0x51,0xFC,0x48,0x00,0x4B,0xFE,0x4A,0x8A,0x6A,0x52,0x53,0xFE,0x42,0x22,0x42,0x22,0x42,0x2A,0x42,0x04,0x00,0x00},  /* 隔 U+9694 */
    {0xE9,0x9A,0x99,0x00,0x00,0x20,0x7C,0xA8,0x45,0x24,0x4A,0x22,0x48,0x00,0x51,0xFC,0x49,0x04,0x49,0xFC,0x45,0x04,0x45,0xFC,0x44,0x20,0x68,0xA8,0x51,0x24,0x42,0x22,0x40,0xA0,0x40,0x40},  /* 隙 U+9699 */
    {0xE9,0x9A,0x9C,0x00,0x00,0x20,0x7D,0xFC,0x44,0x88,0x48,0x50,0x4B,0xFE,0x50,0x00,0x49,0xFC,0x49,0x04,0x45,0xFC,0x45,0x04,0x45,0xFC,0x68,0x20,0x53,0xFE,0x40,0x20,0x40,0x20,0x40,0x20},  /* 障 U+969C */
    {0xE9,0x9B,0x86,0x00,0x09,0x00,0x08,0x80,0x1F,0xFC,0x30,0x80,0x5F,0xF8,0x90,0x80,0x1F,0xF8,0x10,0x80,0x1F,0xFC,0x11,0x00,0xFF,0xFE,0x05,0x40,0x09,0x20,0x31,0x18,0xC1,0x06,0x01,0x00},  /* 集 U+96C6 */
    {0xE9,0x9B,0xB6,0x00,0x3F,0xF8,0x01,0x00,0x7F,0xFE,0x41,0x02,0x9D,0x74,0x01,0x00,0x1D,0x70,0x02,0x80,0x0C,0x60,0x32,0x18,0xC1,0x06,0x1F,0xE0,0x00,0x20,0x06,0x40,0x01,0x80,0x00,0x40},  /* 零 U+96F6 */
    {0xE9,0x9C,0x80,0x00,0x3F,0xF8,0x01,0x00,0x7F,0xFE,0x41,0x02,0x9D,0x74,0x01,0x00,0x1D,0x70,0x00,0x00,0xFF,0xFE,0x02,0x00,0x3F,0xF8,0x24,0x88,0x24,0x88,0x24,0xA8,0x20,0x10,0x00,0x00},  /* 需 U+9700 */
    {0xE9,0x9D,0x92,0x00,0x01,0x00,0x01,0x00,0x7F,0xFC,0x01,0x00,0x3F,0xF8,0x01,0x00,0xFF,0xFE,0x00,0x00,0x1F,0xF0,0x10,0x10,0x1F,0xF0,0x10,0x10,0x1F,0xF0,0x10,0x10,0x10,0x50,0x10,0x20},  /* 青 U+9752 */
    {0xE9,0x9D,0x99,0x00,0x10,0x40,0x10,0x40,0xFE,0x78,0x10,0x88,0x7C,0x10,0x11,0xFC,0xFE,0x24,0x00,0x24,0x7D,0xFE,0x44,0x24,0x7C,0x24,0x45,0xFC,0x7C,0x24,0x44,0x20,0x54,0xA0,0x48,0x40},  /* 静 U+9759 */
    {0xE9,0x9D,0x9E,0x00,0x04,0x40,0x04,0x40,0x04,0x40,0xFC,0x7E,0x04,0x40,0x04,0x40,0x04,0x40,0x7C,0x7C,0x04,0x40,0x04,0x40,0x04,0x40,0x04,0x40,0xFC,0x7E,0x04,0x40,0x04,0x40,0x04,0x40},  /* 非 U+975E */
    {0xE9,0x9D,0xA0,0x00,0x11,0x00,0x1F,0xF0,0x21,0x00,0xFF,0xFE,0x00,0x00,0x1F,0xF0,0x10,0x10,0x1F,0xF0,0x04,0x40,0x7C,0x7C,0x04,0x40,0x3C,0x78,0x04,0x40,0x7C,0x7C,0x04,0x40,0x04,0x40},  /* 靠 U+9760 */
    {0xE9,0x9D,0xA2,0x00,0xFF,0xFE,0x02,0x00,0x02,0x00,0x04,0x00,0x3F,0xF8,0x24,0x48,0x24,0x48,0x27,0xC8,0x24,0x48,0x24,0x48,0x27,0xC8,0x24,0x48,0x24,0x48,0x3F,0xF8,0x20,0x08,0x00,0x00},  /* 面 U+9762 */
    {0xE9,0xA1,0xB5,0x00,0x7F,0xFC,0x02,0x00,0x04,0x00,0x1F,0xF0,0x10,0x10,0x11,0x10,0x11,0x10,0x11,0x10,0x11,0x10,0x11,0x10,0x12,0x90,0x02,0x40,0x04,0x20,0x18,0x10,0x60,0x08,0x00,0x00},  /* 页 U+9875 */
    {0xE9,0xA1,0xB6,0x00,0x01,0xFE,0xFE,0x20,0x10,0x40,0x11,0xFC,0x11,0x04,0x11,0x24,0x11,0x24,0x11,0x24,0x11,0x24,0x11,0x24,0x11,0x44,0x10,0x50,0x50,0x88,0x21,0x04,0x02,0x02,0x00,0x00},  /* 顶 U+9876 */
    {0xE9,0xA1,0xB9,0x00,0x01,0xFE,0x00,0x20,0xFC,0x40,0x11,0xFC,0x11,0x04,0x11,0x24,0x11,0x24,0x11,0x24,0x11,0x24,0x11,0x24,0x1D,0x44,0xE0,0x50,0x40,0x88,0x01,0x04,0x02,0x02,0x00,0x00},  /* 项 U+9879 */
    {0xE9,0xA1,0xBA,0x00,0x04,0x00,0x45,0xFE,0x54,0x20,0x54,0x40,0x55,0xFC,0x55,0x04,0x55,0x24,0x55,0x24,0x55,0x24,0x55,0x24,0x55,0x24,0x55,0x44,0x54,0x50,0x54,0x88,0x85,0x04,0x06,0x02},  /* 顺 U+987A */
    {0xE9,0xA1,0xBB,0x00,0x08,0x00,0x09,0xFE,0x10,0x20,0x20,0x40,0x41,0xFC,0x89,0x04,0x09,0x24,0x11,0x24,0x21,0x24,0x45,0x24,0x85,0x24,0x09,0x44,0x10,0x50,0x20,0x88,0x41,0x04,0x82,0x02},  /* 须 U+987B */
    {0xE9,0xA2,0x84,0x00,0xF9,0xFE,0x08,0x20,0x50,0x40,0x21,0xFC,0x11,0x04,0xFD,0x24,0x25,0x24,0x29,0x24,0x21,0x24,0x21,0x24,0x21,0x44,0x20,0x50,0x20,0x88,0xA1,0x04,0x42,0x02,0x00,0x00},  /* 预 U+9884 */
    {0xE9,0xA2,0x98,0x00,0x3E,0xFE,0x22,0x10,0x3E,0x20,0x22,0x7C,0x3E,0x44,0x00,0x54,0xFF,0x54,0x08,0x54,0x08,0x54,0x2F,0x28,0x28,0x44,0x28,0x82,0x58,0x00,0x4F,0xFE,0x80,0x00,0x00,0x00},  /* 题 U+9898 */
    {0xE9,0xA2,0x9C,0x00,0x10,0x00,0x08,0xFE,0x7F,0x10,0x22,0x20,0x14,0x7C,0x7F,0x44,0x44,0x54,0x48,0x54,0x52,0x54,0x44,0x54,0x48,0x54,0x51,0x54,0x42,0x28,0x44,0x24,0x88,0x42,0x30,0x82},  /* 颜 U+989C */
    {0xE9,0xA2,0x9D,0x00,0x10,0x00,0x08,0xFE,0x7F,0x10,0x41,0x20,0x10,0x7C,0x1E,0x44,0x22,0x54,0x54,0x54,0x08,0x54,0x14,0x54,0x22,0x54,0x7F,0x54,0xA2,0x28,0x22,0x24,0x3E,0x42,0x22,0x82},  /* 额 U+989D */
    {0xE9,0xA5,0xB0,0x00,0x20,0x80,0x20,0x80,0x20,0x80,0x3C,0xFE,0x45,0x20,0x4A,0x20,0x80,0x20,0x21,0xFC,0x21,0x24,0x21,0x24,0x21,0x24,0x25,0x24,0x29,0x34,0x31,0x28,0x20,0x20,0x00,0x20},  /* 饰 U+9970 */
    {0xE9,0xA6,0x88,0x00,0x20,0x20,0x20,0x20,0x21,0xFC,0x3D,0x24,0x45,0xFC,0x48,0x20,0x83,0xFE,0x20,0x00,0x21,0xFC,0x21,0x04,0x21,0x24,0x25,0x24,0x29,0x24,0x30,0x50,0x20,0x88,0x03,0x04},  /* 馈 U+9988 */
    {0xE9,0xA6,0x96,0x00,0x10,0x10,0x08,0x20,0xFF,0xFE,0x02,0x00,0x04,0x00,0x3F,0xF8,0x20,0x08,0x20,0x08,0x3F,0xF8,0x20,0x08,0x20,0x08,0x3F,0xF8,0x20,0x08,0x20,0x08,0x3F,0xF8,0x20,0x08},  /* 首 U+9996 */
    {0xE9,0xA9,0xB1,0x00,0xF9,0xFE,0x09,0x00,0x49,0x04,0x49,0x44,0x49,0x28,0x49,0x28,0x7D,0x10,0x05,0x10,0x05,0x28,0x1D,0x28,0xE5,0x44,0x45,0x84,0x05,0x00,0x29,0xFE,0x10,0x00,0x00,0x00},  /* 驱 U+9A71 */
    {0xE9,0xAA,0x8C,0x00,0x00,0x20,0xF8,0x20,0x08,0x50,0x48,0x50,0x48,0x88,0x49,0x04,0x4A,0xFA,0x7C,0x00,0x04,0x44,0x04,0x24,0x1D,0x24,0xE4,0xA8,0x44,0x88,0x04,0x10,0x2B,0xFE,0x10,0x00},  /* 验 U+9A8C */
    {0xE9,0xAA,0xA4,0x00,0x07,0xE0,0xF2,0x5C,0x13,0xC4,0x52,0x54,0x53,0xC8,0x52,0x68,0x57,0xD4,0x78,0x64,0x08,0x3C,0x0F,0xC0,0x39,0x44,0xCA,0x68,0x08,0xD0,0x09,0x48,0x2E,0x46,0x10,0x40},  /* 骤 U+9AA4 */
    {0xE9,0xAB,0x98,0x00,0x02,0x00,0x01,0x00,0xFF,0xFE,0x00,0x00,0x0F,0xE0,0x08,0x20,0x08,0x20,0x0F,0xE0,0x00,0x00,0x7F,0xFC,0x40,0x04,0x4F,0xE4,0x48,0x24,0x48,0x24,0x4F,0xE4,0x40,0x0C},  /* 高 U+9AD8 */
    {0xE9,0xAC,0xBC,0x00,0x02,0x00,0x04,0x00,0x3F,0xF8,0x21,0x08,0x21,0x08,0x3F,0xF8,0x22,0x08,0x22,0x08,0x3F,0xF8,0x05,0x10,0x09,0x20,0x09,0x48,0x11,0x7C,0x21,0x02,0x41,0x02,0x80,0xFE},  /* 鬼 U+9B3C */
    {0xE9,0xBB,0x84,0x00,0x04,0x40,0x04,0x40,0x3F,0xF8,0x04,0x40,0x04,0x40,0xFF,0xFE,0x01,0x00,0x1F,0xF0,0x11,0x10,0x1F,0xF0,0x11,0x10,0x1F,0xF0,0x00,0x00,0x08,0x20,0x10,0x10,0x60,0x0C},  /* 黄 U+9EC4 */
    {0xE9,0xBB,0x91,0x00,0x3F,0xF8,0x21,0x08,0x29,0x28,0x25,0x48,0x3F,0xF8,0x01,0x00,0x01,0x00,0x3F,0xF8,0x01,0x00,0x01,0x00,0xFF,0xFE,0x00,0x00,0x48,0x88,0x44,0x44,0x84,0x44,0x00,0x00},  /* 黑 U+9ED1 */
    {0xE9,0xBB,0x98,0x00,0x00,0x20,0xFE,0x28,0x92,0x24,0xD6,0x24,0xBA,0x20,0x93,0xFE,0xFE,0x20,0x10,0x20,0xFE,0x20,0x10,0x50,0x1E,0x50,0xE0,0x50,0x02,0x88,0xAA,0x88,0xA9,0x04,0x82,0x02},  /* 默 U+9ED8 */
    {0xE9,0xBC,0xA0,0x00,0x06,0x00,0x38,0xF8,0x20,0x08,0x3E,0xF8,0x20,0x08,0x20,0x08,0x3F,0xF8,0x00,0x00,0x29,0x48,0x25,0x28,0x21,0x08,0x29,0x48,0x25,0x2A,0x21,0x0A,0x2D,0x66,0x31,0x82},  /* 鼠 U+9F20 */
    {0xE9,0xBD,0x90,0x00,0x02,0x00,0x01,0x00,0x7F,0xFC,0x08,0x20,0x04,0x40,0x03,0x80,0x0C,0x60,0x30,0x18,0xC8,0x26,0x08,0x20,0x08,0x20,0x08,0x20,0x08,0x20,0x10,0x20,0x10,0x20,0x20,0x20},  /* 齐 U+9F50 */
    {0xEF,0xBC,0x88,0x00,0x00,0x00,0x00,0x00,0x00,0x30,0x00,0xC0,0x00,0xC0,0x03,0x00,0x03,0x00,0x03,0x00,0x03,0x00,0x03,0x00,0x03,0x00,0x00,0xC0,0x00,0xC0,0x00,0x30,0x00,0x00,0x00,0x00},  /* （ U+FF08 */
    {0xEF,0xBC,0x89,0x00,0x00,0x00,0x00,0x00,0x0C,0x00,0x03,0x00,0x03,0x00,0x00,0xC0,0x00,0xC0,0x00,0xC0,0x00,0xC0,0x00,0xC0,0x00,0xC0,0x03,0x00,0x03,0x00,0x0C,0x00,0x00,0x00,0x00,0x00},  /* ） U+FF09 */
};
